	id	canonical_smiles	pIC50_mean	pIC50_std
126	142	Fc1c(-c2cccc3cccc(Cl)c23)ncc2c(N3CC4CCC(C3)N4)nc(OC3CCc4[nH]ncc4C3)nc12	5.0532336	0
71	83	O=C1CCC2(COc3nc(N4CC5CCC(C4)N5)c4cnc(-c5cccc6cccc(Cl)c56)c(F)c4n3)CCCN12	5.060735	0
52	62	O=Cc1cc(CCOc2nc(N3CC4CCC(C3)N4)c3cnc(-c4cccc5cccc(Cl)c45)c(F)c3n2)ccc1O	5.0753384	0
240	261	NCCOc1nc(N2CC3CCC(C2)N3)c2cnc(-c3cccc4cccc(Cl)c34)c(F)c2n1	5.0807023	0
89	101	Cc1cccc2cccc(-c3ncc4c(N5CC6CCC(C5)N6)nc(OCCc5cccnc5)nc4c3F)c12	5.0925026	0
122	138	COC(C)COc1nc(N2CC3CCC(C2)N3)c2cnc(-c3cccc4cccc(Cl)c34)c(F)c2n1	5.093245	0
375	402	CC(C)(O)c1ccccc1-c1ncc2c(N3CC4CCC(C3)N4)nc(OCC34CCCN3CC(F)C4)nc2c1F	5.095956	0
74	86	COc1ccc(CCOc2nc(N3CC4CCC(C3)N4)c3cnc(-c4cccc5cccc(Cl)c45)c(F)c3n2)cn1	5.10128	0
536	567	CN1CCCC1COc1nc2c(c(N3CC4CCC(C3)N4)n1)CCN(c1cccc3c(Cl)cccc13)C2	5.10212	0
542	574	COc1nc2c(c(N3CC4CCC(C3)N4)n1)CCN(c1cccc3cccc(C)c13)C2	5.104434	0
394	421	CC(C)c1ncccc1-c1ncc2c(N3CC4CCC(C3)N4)nc(OCC34CCCN3CC(F)C4)nc2c1F	5.110883	0
195	213	O=C(NCCOc1nc(N2CC3CCC(C2)N3)c2cnc(-c3cc(O)cc4ccccc34)c(F)c2n1)c1cccc(S(=O)(=O)F)c1	5.123263	0
570	610	Nc1nc(N2CCc3c(nc(OCC4CCCN4)nc3N3CC4CCC(C3)N4)C2)c2ccccc2n1	5.124939	0
48	57	OCC(O)CCOc1nc(N2CC3CCC(C2)N3)c2cnc(-c3cccc4cccc(Cl)c34)c(F)c2n1	5.137517	0
76	88	Cc1ccc2[nH]ncc2c1-c1ncc2c(N3CC4CCC(C3)N4)nc(OCCc3nccn3C)nc2c1F	5.1535764	0
545	577	CN1CCCC1COc1nc2c(c(N3CC4CCC(C3)N4)n1)CCN(c1c(F)c(O)c(F)c3ccccc13)C2	5.1682453	0
584	634	CN1CCCC1COc1nc2c(c(N3CC4CCC(C3)N4)n1)CCN(c1cccc3cccc(CCCC#N)c13)C2	5.1827126	0
138	154	Cn1cnnc1CCOc1nc(N2CC3CCC(C2)N3)c2cnc(-c3cccc4cccc(Cl)c34)c(F)c2n1	5.184834	0
351	378	CN1CCc2cccc(Oc3nc(N4CC5CCC(C4)N5)c4cnc(-c5cccc6cccc(Cl)c56)c(F)c4n3)c2C1	5.20412	0
46	55	OCC(O)COc1nc(N2CC3CCC(C2)N3)c2cnc(-c3cccc4cccc(Cl)c34)c(F)c2n1	5.2201843	0.010940985
131	147	Fc1c(-c2cccc3cccc(Cl)c23)ncc2c(N3CC4CCC(C3)N4)nc(OCCn3cccn3)nc12	5.2309036	0
147	163	O=C(CCl)N1CCC(Oc2nc(N3CC4CCC(C3)N4)c3cnc(-c4cccc5cccc(Cl)c45)c(F)c3n2)CC1	5.2555113	0
589	641	CN1CCCC1COc1nc2c(c(N3CC4CC(C#N)C(C3)N4)n1)CCN(c1cccc3cccc(Cl)c13)C2	5.2604513	0
192	210	CN1CCC(Oc2cccc(S(=O)(=O)F)c2)C1COc1nc(N2CC3CCC(C2)N3)c2cnc(-c3cccc4cccc(Cl)c34)c(F)c2n1	5.2624335	0
567	605	CN1CCCC1COc1nc2c(c(N3C=C4CCC(C3)N4)n1)CC(=O)N(Cc1ccccc1)C2	5.2790966	0
132	148	Cn1cnc2ccc(Oc3nc(N4CC5CCC(C4)N5)c4cnc(-c5cccc6cccc(Cl)c56)c(F)c4n3)cc21	5.2856703	0
124	140	COc1cccnc1CCOc1nc(N2CC3CCC(C2)N3)c2cnc(-c3cc(O)cc4ccccc34)c(F)c2n1	5.2872324	0
129	145	Cn1ccc(CCOc2nc(N3CC4CCC(C3)N4)c3cnc(-c4cccc5cccc(Cl)c45)c(F)c3n2)n1	5.3008127	0
189	207	Cc1ccc2c(-c3ncc4c(N5CC6CCC(C5)N6)nc(OCC5CCCN5C)nc4c3F)cccc2c1	5.3092017	0
96	108	Fc1c(-c2cccc3ccccc23)ncc2c(N3CC4CCC(C3)N4)nc(OCC3CCCN3Cc3ccccc3)nc12	5.31502	0
243	264	Fc1ccccc1-c1ncc2c(N3CC4CCC(C3)N4)nc(OCC34CCCN3CCC4)nc2c1F	5.328004	0
127	143	Fc1c(-c2cccc3cccc(Cl)c23)ncc2c(N3CC4CCC(C3)N4)nc(OC3CCc4cn[nH]c4C3)nc12	5.3407307	0
78	90	Fc1ccc2cccc(-c3ncc4c(N5CC6CCC(C5)N6)nc(OCCc5cccnc5)nc4c3F)c2c1	5.34728	0
249	270	Nc1c(F)cccc1-c1ncc2c(N3CC4CCC(C3)N4)nc(OCC34CCCN3CCC4)nc2c1F	5.347522	0
113	129	Fc1c(-c2cccc3cccc(Cl)c23)ncc2c(N3CC4CCC(C3)N4)nc(OCCC3CC(F)(F)C3)nc12	5.3880115	0
51	61	O=C(O)CCOc1nc(N2CC3CCC(C2)N3)c2cnc(-c3cccc4cccc(Cl)c34)c(F)c2n1	5.3892336	0
148	164	O=C(NCCOc1nc(N2CC3CCC(C2)N3)c2cnc(-c3cccc4cccc(Cl)c34)c(F)c2n1)c1ccc(S(=O)(=O)F)cc1	5.392974	0
248	269	CCNc1c(F)cccc1-c1ncc2c(N3CC4CCC(C3)N4)nc(OCC34CCCN3CCC4)nc2c1F	5.3938446	0
336	363	CNC(C)COc1nc(N2CC3CCC(C2)N3)c2cnc(-c3cccc4cccc(Cl)c34)c(F)c2n1	5.405331	0
323	350	Oc1c(F)cc(F)c(-c2ncc3c(N4CC5CCC(C4)N5)nc(OCC45CCCN4CCC5)nc3c2F)c1F	5.417698	0
585	635	CN1CCCC1COc1nc2c(c(N3CC4CCC(C3)N4)n1)CCN(c1cccc3cccc(CCCCO)c13)C2	5.433103	0
120	136	Fc1c(-c2cccc3cccc(Cl)c23)ncc2c(N3CC4CCC(C3)N4)nc(OCC3CCCO3)nc12	5.4338126	0.20600908
82	94	Cn1ccnc1CCOc1nc(N2CC3CCC(C2)N3)c2cnc(-c3cccc4ccccc34)c(F)c2n1	5.43741	0
139	155	OC1CC2CN(c3nc(OCCC(F)(F)F)nc4c(F)c(-c5cccc6cccc(Cl)c56)ncc34)CC1N2	5.466355	0
107	122	CN(C)C1CN(c2nc(N3CC4CCC(C3)N4)c3cnc(-c4cccc5cccc(Cl)c45)c(F)c3n2)C1	5.486077	0
246	267	Oc1ccccc1-c1ncc2c(N3CC4CCC(C3)N4)nc(OCC34CCCN3CCC4)nc2c1F	5.4865694	0
285	307	CC(C)c1ncccc1-c1ncc2c(N3CC4CCC(C3)N4)nc(OCC34CCCN3CCC4)nc2c1F	5.4997225	0
65	77	OCC1CCCN1c1nc(N2CC3CCC(C2)N3)c2cnc(-c3cc(O)cc4ccccc34)c(F)c2n1	5.503402	0
557	593	CN1CCCC1COc1nc2c(c(N3CC4CC(O)(C(F)F)C(C3)N4)n1)CCN(c1cccc3cccc(Cl)c13)C2	5.504678	0
358	385	COc1cc(-c2ncc3c(N4CC5CCC(C4)N5)nc(OCC45CCCN4CC(F)C5)nc3c2F)c2ccccc2c1	5.5109844	0
586	637	OC1CC2CN(c3nc(OCCC(F)(F)F)nc4c3CCN(c3cccc5cccc(Cl)c35)C4)CC1N2	5.537557	0
101	113	Fc1c(-c2cccc3cccc(Cl)c23)ncc2c(N3CC4CCC(C3)N4)nc(OCCc3cccnc3)nc12	5.542709	0
191	209	CN1CC(Oc2ccc(S(=O)(=O)F)cc2)CC1COc1nc(N2CC3CCC(C2)N3)c2cnc(-c3cccc4cccc(Cl)c34)c(F)c2n1	5.5611887	0
334	361	COc1ccc(OC(F)(F)F)c(-c2ncc3c(N4CC5CCC(C4)N5)nc(OCC45CCCN4CC(F)C5)nc3c2F)c1	5.568588	0
555	591	CN1CCCC1COc1nc2c(c(N3CC4CC(CCN)C(C3)N4)n1)CCN(c1cccc3cccc(Cl)c13)C2	5.569538	0
136	152	OC1CC2CN(c3nc(N4CCC4)nc4c(F)c(-c5cccc6cccc(Cl)c56)ncc34)CC1N2	5.5772295	0
388	415	Fc1c(-c2cnccc2C(F)(F)F)ncc2c(N3CC4CCC(C3)N4)nc(OCC34CCCN3CC(F)C4)nc12	5.5886664	0
293	315	OCCc1ccccc1-c1ncc2c(N3CC4CCC(C3)N4)nc(OCC34CCCN3CCC4)nc2c1F	5.595611	0
367	394	CC(C)c1cccc(C(C)C)c1-c1ncc2c(N3CC4CCC(C3)N4)nc(OCC34CCCN3CC(F)C4)nc2c1F	5.60206	0
595	647	FC1(F)CCc2c(N3CCc4c(nc(OCC56CCCN5CCC6)nc4N4CC5CCC(C4)N5)C3)cccc21	5.6046386	0
49	58	OCCC(CO)Oc1nc(N2CC3CCC(C2)N3)c2cnc(-c3cccc4cccc(Cl)c34)c(F)c2n1	5.63326	0
130	146	Cn1cc(CCOc2nc(N3CC4CCC(C3)N4)c3cnc(-c4cccc5cccc(Cl)c45)c(F)c3n2)cn1	5.6409807	0
241	262	NC1(COc2nc(N3CC4CCC(C3)N4)c3cnc(-c4cccc5cccc(Cl)c45)c(F)c3n2)CCCCC1	5.646738	0
382	409	N#Cc1ccccc1-c1ncc2c(N3CC4CCC(C3)N4)nc(OCC34CCCN3CC(F)C4)nc2c1F	5.6514225	0
84	96	Oc1cc(-c2ncc3c(N4CC5CCC(C4)N5)nc(OCCc4ccccc4)nc3c2F)c2ccccc2c1	5.6534514	0
24	32	OC1CC2CN(c3nc(OCCc4ccc(F)cn4)nc4c(F)c(-c5cccc6cccc(Cl)c56)ncc34)CC1N2	5.668573	0
95	107	CN(C)CCOc1nc(N2CC3CCC(C2)N3)c2cnc(-c3cccc4cccc(Cl)c34)c(F)c2n1	5.6740537	0
166	184	CN(C)c1nc(N2CC3CCC(C2)N3)c2cnc(-c3cc(O)cc4ccccc34)c(F)c2n1	5.701016	0
134	150	Fc1c(-c2cccc3cccc(Cl)c23)ncc2c(N3CC4CCC(C3)N4)nc(OCc3cccn4ccnc34)nc12	5.7030935	0
88	100	Cc1cccc2cccc(-c3ncc4c(N5CC6CCC(C5)N6)nc(OCCc5nccn5C)nc4c3F)c12	5.710032	0
389	416	CC(C)Oc1ccccc1-c1ncc2c(N3CC4CCC(C3)N4)nc(OCC34CCCN3CC(F)C4)nc2c1F	5.710746	0
170	188	C#Cc1cccc2cccc(-c3ncc4c(N5CC6CCC(C5)N6)ncnc4c3F)c12	5.716767	0
44	53	Fc1c(-c2cccc3cccc(Cl)c23)ncc2c(N3CC4CCC(C3)N4)nc(OCC3COC3)nc12	5.7255187	0
6	7	Oc1cc(-c2ncc3c(N4CC5CCC(C4)N5)nc(OCCc4ncccn4)nc3c2F)c2ccccc2c1	5.728786	0
190	208	CN1CC(Oc2cccc(S(=O)(=O)F)c2)CC1COc1nc(N2CC3CCC(C2)N3)c2cnc(-c3cccc4cccc(Cl)c34)c(F)c2n1	5.735962	0
331	358	CN1CCC(Oc2nc(N3CC4CCC(C3)N4)c3cnc(-c4cccc5cccc(Cl)c45)c(F)c3n2)C1	5.744564	0.05849308
558	594	CN1CCCC1COc1nc2c(c(N3CC4CCC(CC#N)(C3)N4)n1)CCN(c1cccc3cccc(Cl)c13)C2	5.744969	0
578	622	CN1CCCC1COc1nc2c(c(N3CC4CCC(C3)N4)n1)CCN(c1cccc3c1CCCC3)C2	5.74958	0
537	568	CN1CCCC1COc1nc2c(c(N3CC4CCC(C3)N4)n1)CCN(c1cccc3c(F)cccc13)C2	5.7537723	0
128	144	Cn1nccc1CCOc1nc(N2CC3CCC(C2)N3)c2cnc(-c3cccc4cccc(Cl)c34)c(F)c2n1	5.768964	0
296	323	CN1CCCC1(CO)COc1nc(N2CC3CCC(C2)N3)c2cnc(-c3cccc4ccccc34)c(F)c2n1	5.772293	0
92	104	Cn1ccnc1COc1nc(N2CC3CCC(C2)N3)c2cnc(-c3cc(O)cc4ccccc34)c(F)c2n1	5.775778	0
114	130	Fc1c(-c2cccc3cccc(Cl)c23)ncc2c(N3CC4CCC(C3)N4)nc(N3CC4(CCN4)C3)nc12	5.7833066	0
250	271	Oc1cccc(-c2ncc3c(N4CC5CCC(C4)N5)nc(OCC45CCCN4CCC5)nc3c2F)c1	5.789976	0
546	579	Oc1cc(N2CCc3c(nc(OCC4CCCN4)nc3N3CC4CCC(C3)N4)C2)c2ccccc2c1Cl	5.7954187	0
197	218	Fc1c(-c2cccc3cccc(F)c23)ncc2c(N3CC4CCC(C3)N4)nc(CCC34CCCN3CCC4)nc12	5.79588	0
247	268	CNc1c(F)cccc1-c1ncc2c(N3CC4CCC(C3)N4)nc(OCC34CCCN3CCC4)nc2c1F	5.810706	0
7	8	Cn1ccc(COc2nc(N3CC4CCC(C3)N4)c3cnc(-c4cc(O)cc5ccccc45)c(F)c3n2)n1	5.8175855	0
104	116	Cc1cccc2cccc(-c3cc4nc(OCC5CCCN5C)nc(N5CC6CCC(C5)N6)c4cn3)c12	5.842332	0
209	230	Fc1c(-c2cccc(Cl)c2OC(F)(F)F)ncc2c(N3CC4CCC(C3)N4)nc(OCC34CCCN3CCC4)nc12	5.8437233	0
544	576	CN1CCCC1COc1nc2c(c(N3CC4CCC(C3)N4)n1)CCN(c1cc(O)c(Cl)c3ccccc13)C2	5.8656316	0
80	92	Fc1c(-c2cccc3cccc(Cl)c23)ncc2c(N3CC4CCC(C3)N4)nc(OCCc3cn4ccccc4n3)nc12	5.870181	0
252	273	COc1ccccc1-c1ncc2c(N3CC4CCC(C3)N4)nc(OCC34CCCN3CCC4)nc2c1F	5.872636	0
525	555	Cc1ccc2[nH]ncc2c1N1CCc2c(nc(OCC3CCCN3C)nc2N2CC3CCC(C2)N3)C1	5.8809423	0
150	166	OC1CC2CN(c3nc(OCCc4nccn4C(F)F)nc4c(F)c(-c5cccc6cccc(Cl)c56)ncc34)CC1N2	5.890725	0
55	67	Oc1cc(-c2ncc3c(N4CC5CCC(C4)N5)nc(OCCc4ccccc4F)nc3c2F)c2ccccc2c1	5.9046216	0
194	212	O=C(NCCOc1nc(N2CC3CCC(C2)N3)c2cnc(-c3cc(O)cc4ccccc34)c(F)c2n1)c1ccc(S(=O)(=O)F)cc1	5.9142103	0
251	272	Cc1ccccc1-c1ncc2c(N3CC4CCC(C3)N4)nc(OCC34CCCN3CCC4)nc2c1F	5.928597	0
551	584	CC(C)c1ccccc1N1CCc2c(nc(OCC34CCCN3C(COC(=O)N(C)C)CC4)nc2N2CC3CCC(C2)N3)C1	5.931666	0
201	222	OCC12CCCN1CC(Oc1nc(N3CC4CCC(C3)N4)c3cnc(-c4cccc5cccc(Cl)c45)c(F)c3n1)C2	5.9481916	0
577	621	CCC1CN(c2nc(OCC3CCCN3C)nc3c2CCN(c2cccc4ccccc24)C3)CCN1	5.9512086	0
580	624	CN1CCCC1COc1nc2c(c(N3CC4CCC(C3)N4)n1)CCN(c1cccc3cccc(F)c13)C2	5.958213	0
429	456	Cc1cc2sc(N)nc2c(-c2ncc3c(N4CC5CCC(C4)N5)nc(OCC45CCCN4CCC5)nc3c2F)c1C	6.0150228	0
50	59	OCC(COc1nc(N2CC3CCC(C2)N3)c2cnc(-c3cccc4cccc(Cl)c34)c(F)c2n1)c1cccnc1	6.023971	0
85	97	Fc1c(-c2cccc3cccc(Cl)c23)ncc2c(N3CC4CCC(C3)N4)nc(OCC3CCCN3Cc3ccccc3)nc12	6.029607	0
125	141	Nc1ccc(CCOc2nc(N3CC4CCC(C3)N4)c3cnc(-c4cccc5cccc(Cl)c45)c(F)c3n2)cn1	6.0500736	0
370	397	COC1CC2CN(c3nc(OCC45CCCN4CC(F)C5)nc4c(F)c(-c5cccc6cccc(Cl)c56)ncc34)CC1N2	6.0521255	0
387	414	Fc1c(-c2ccccc2Cl)ncc2c(N3CC4CCC(C3)N4)nc(OCC34CCCN3CC(F)C4)nc12	6.058886	0
328	355	CN1CC(NC(=O)c2ccccc2C=O)CC1COc1nc(N2CC3CCC(C2)N3)c2cnc(-c3cccc4cccc(Cl)c34)c(F)c2n1	6.0605307	0
93	105	COc1nc(N2CC3CCC(C2)N3)c2cnc(-c3cc(O)cc4ccccc34)c(F)c2n1	6.0619307	0
325	352	Fc1c(-c2cccc3cccc(Cl)c23)ncc2c(N3CC4CCC(C3)N4)nc(OCC3CC(F)(F)CN3)nc12	6.073246	0
154	170	OC1CC2CN(c3nc(OCCc4nccn4CF)nc4c(F)c(-c5cccc6cccc(Cl)c56)ncc34)CC1N2	6.0748425	0
8	9	Cn1cnc(COc2nc(N3CC4CCC(C3)N4)c3cnc(-c4cc(O)cc5ccccc45)c(F)c3n2)c1	6.0858154	0
244	265	Nc1cccc(F)c1-c1ncc2c(N3CC4CCC(C3)N4)nc(OCC34CCCN3CCC4)nc2c1F	6.1001797	0
278	300	CCC(C)c1ccccc1-c1ncc2c(N3CC4CCC(C3)N4)nc(OCC34CCCN3CCC4)nc2c1F	6.114752	0
155	171	OCc1nccn1CCOc1nc(N2CC3CCC(C2)N3)c2cnc(-c3cccc4cccc(Cl)c34)c(F)c2n1	6.1206746	0
108	123	CN1CCCC1COc1nc(N2CC3CCC(C2)N3)c2cnc(-c3cccc4cccc(Cl)c34)cc2n1	6.1223984	0
105	117	CN1CCCC1COc1nc(N2CC3CCC(C2)N3)c2cnc(-c3cccc4cccc(CCC#N)c34)c(F)c2n1	6.1357856	0
4	5	Cn1nccc1COc1nc(N2CC3CCC(C2)N3)c2cnc(-c3cc(O)cc4ccccc34)c(F)c2n1	6.1409216	0
37	46	Oc1cc(-c2ncc3c(N4CC5CCC(C4)N5)nc(OCC4(C(F)(F)F)CCCC4)nc3c2F)c2ccccc2c1	6.142185	0
100	112	Cn1ccnc1CCOc1nc(N2CC3CCC(C2)N3)c2cnc(-c3cccc4ccc(F)cc34)c(F)c2n1	6.143634	0
582	632	CCCCc1cccc2cccc(N3CCc4c(nc(OCC5CCCN5C)nc4N4CC5CCC(C4)N5)C3)c12	6.148619	0
271	293	Fc1c(-c2ccccc2C(F)F)ncc2c(N3CC4CCC(C3)N4)nc(OCC34CCCN3CCC4)nc12	6.1597056	0
15	20	CN1CCCC1COc1nc(N2CC3CCC(C2)N3)c2cnc(-c3cccc4ccccc34)c(F)c2n1	6.1600194	0
77	89	Oc1cc(-c2ncc3c(N4CC5CCC(C4)N5)nc(OCc4ccccn4)nc3c2F)c2ccccc2c1	6.167938	0
146	162	CN1CCCC1COc1nc(N2CC3CCC(C2)N3)c2cnc(-c3cccc4c3C3(CC4)CC3)c(F)c2n1	6.169219	0
110	125	CC1(N)CN(c2nc(N3CC4CCC(C3)N4)c3cnc(-c4cccc5cccc(Cl)c45)c(F)c3n2)C1	6.1755486	0
12	17	CC(CN(C)C)Oc1nc(N2CC3CCC(C2)N3)c2cnc(-c3cc(O)cc4ccccc34)c(F)c2n1	6.1763954	0
364	391	Cc1cc(-c2ncc3c(N4CC5CCC(C4)N5)nc(OCC45CCCN4CC(F)C5)nc3c2F)c2cn[nH]c2c1	6.179339	0
153	169	OC1CC2CN(c3nc(OCCn4ccnc4C(F)(F)F)nc4c(F)c(-c5cccc6cccc(Cl)c56)ncc34)CC1N2	6.182501	0
596	648	c1cc2c(c(N3CCc4c(nc(OCC56CCCN5CCC6)nc4N4CC5CCC(C4)N5)C3)c1)C(C1CC1)CC2	6.1843557	0
68	80	Oc1cc(-c2ncc3c(N4CC5CCC(C4)N5)nc(OC4CCC(F)(F)CC4)nc3c2F)c2ccccc2c1	6.1891627	0
87	99	Oc1cc(-c2ncc3c(N4CC5CCC(C4)N5)nc(OCc4cccnc4)nc3c2F)c2ccccc2c1	6.2049546	0
272	294	Cc1c(F)cccc1-c1ncc2c(N3CC4CCC(C3)N4)nc(OCC34CCCN3CCC4)nc2c1F	6.2073283	0
294	321	Cc1ccc2cccc(-c3ncc4c(N5CC6CCC(C5)N6)nc(OCC5CCCN5C)nc4c3F)c2c1	6.2126813	0
390	417	CC(C)Cc1ccccc1-c1ncc2c(N3CC4CCC(C3)N4)nc(OCC34CCCN3CC(F)C4)nc2c1F	6.2257023	0
371	398	CN1CCC(F)(COc2nc(N3CC4CCC(C3)N4)c3cnc(-c4cccc5cccc(Cl)c45)c(F)c3n2)CC1	6.226799	0
356	383	Fc1c(-c2ccccc2CC(F)(F)F)ncc2c(N3CC4CCC(C3)N4)nc(OCC34CCCN3CC(F)C4)nc12	6.2321763	0
152	168	OC1CC2CN(c3nc(OCCn4ccnc4CF)nc4c(F)c(-c5cccc6cccc(Cl)c56)ncc34)CC1N2	6.2343316	0
61	73	Oc1cc(-c2ncc3c(N4CC5CCC(C4)N5)nc(OCC4CCCC4)nc3c2F)c2ccccc2c1	6.2420726	0
164	181	Oc1cc(-c2ncc3c(N4CC5CCC(C4)N5)ncnc3c2F)c2ccccc2c1	6.2422247	0
83	95	Cn1cncc1COc1nc(N2CC3CCC(C2)N3)c2cnc(-c3cc(O)cc4ccccc34)c(F)c2n1	6.251037	0
322	349	Fc1c(-c2c(Cl)ccc3ccccc23)ncc2c(N3CC4CCC(C3)N4)nc(OCC34CCCN3CCC4)nc12	6.2512693	0
380	407	CC(C)(F)c1ccccc1-c1ncc2c(N3CC4CCC(C3)N4)nc(OCC34CCCN3CC(F)C4)nc2c1F	6.251812	0
288	310	Fc1c(-c2ccccc2Cl)ncc2c(N3CC4CCC(C3)N4)nc(OCC34CCCN3CCC4)nc12	6.2528214	0
75	87	Cc1cccc(CCOc2nc(N3CC4CCC(C3)N4)c3cnc(-c4cc(O)cc5ccccc45)c(F)c3n2)n1	6.2711596	0
360	387	CC(C)(N)COc1nc(N2CC3CCC(C2)N3)c2cnc(-c3cccc4cccc(Cl)c34)c(F)c2n1	6.2734356	0
57	69	OCCOc1nc(N2CC3CCC(C2)N3)c2cnc(-c3cc(O)cc4ccccc34)c(F)c2n1	6.275806	0
60	72	Oc1cc(-c2ncc3c(N4CC5CCC(C4)N5)nc(OC4CCOCC4)nc3c2F)c2ccccc2c1	6.2899675	0
112	128	CCC1(N)CN(c2nc(N3CC4CCC(C3)N4)c3cnc(-c4cccc5cccc(Cl)c45)c(F)c3n2)C1	6.300509	0
216	237	Oc1cccc2cccc(-c3ncc4c(N5CC6CCC(C5)N6)nc(OCC56CCCN5CCC6)nc4c3F)c12	6.3007693	0
3	4	Oc1cc(-c2ncc3c(N4CC5CCC(C4)N5)nc(OCCc4ccccn4)nc3c2F)c2ccccc2c1	6.304343	0
581	630	CN1CCCC1COc1nc2c(c(N3CC4CCC(C3)N4)n1)CCN(c1cccc3cccc(CCCO)c13)C2	6.313811	0
102	114	Cn1ccnc1CCOc1nc(N2CC3CCC(C2)N3)c2cnc(-c3cccc4cccc(Cl)c34)c(F)c2n1	6.316863	0
430	457	Cc1cc2sc(N)nc2c(-c2ncc3c(N4CC5CCC(C4)N5)nc(OCC45CCCN4CC(F)C5)nc3c2F)c1C	6.3233066	0
27	35	OCC(CO)COc1nc(N2CC3CCC(C2)N3)c2cnc(-c3cccc4cccc(Cl)c34)c(F)c2n1	6.3233066	0
178	196	Fc1c(-c2cccc3c2OC(F)(F)O3)ncc2c(N3CC4CCC(C3)N4)nc(OCC34CCCN3CCC4)nc12	6.330683	0
73	85	CC(C)Cn1ccnc1CCOc1nc(N2CC3CCC(C2)N3)c2cnc(-c3cc(O)cc4ccccc34)c(F)c2n1	6.343231	0
306	333	Oc1cc(-c2ncc3c(N4CC5CC(n6cncn6)C(C4)N5)nc(OCC45CCCN4CC(F)C5)nc3c2F)c2ccccc2c1	6.3463054	0
5	6	Cc1cccnc1CCOc1nc(N2CC3CCC(C2)N3)c2cnc(-c3cc(O)cc4ccccc34)c(F)c2n1	6.36241	0
39	48	Oc1cc(-c2ncc3c(N4CC5CCC(C4)N5)nc(OCC(F)(F)F)nc3c2F)c2ccccc2c1	6.3626103	0
516	546	Cc1cc(N)c(F)c(C2Cc3nc(OCC45CCCN4CC(F)C5)nc(N4CC5NCCC54)c3CO2)c1C(F)(F)F	6.371611	0
115	131	CN1CC(COc2nc(N3CC4CCC(C3)N4)c3cnc(-c4cccc5cccc(Cl)c45)c(F)c3n2)CC1=O	6.3727365	0
22	30	Cn1c(CCOc2nc(N3CC4CCC(C3)N4)c3cnc(-c4cc(O)cc5ccccc45)c(F)c3n2)nc2ccccc21	6.3792396	0
350	377	Cc1cccc(O)c1-c1ncc2c(N3CC4CCC(C3)N4)nc(OCC34CCCN3CC(F)C4)nc2c1F	6.379968	0
29	37	Oc1cc(-c2ncc3c(N4CC5CCC(C4)N5)nc(N4CC(O)C4)nc3c2F)c2ccccc2c1	6.3927593	0
344	371	Fc1c(-c2ccccc2C2CCC2)ncc2c(N3CC4CCC(C3)N4)nc(OCC34CCCN3CC(F)C4)nc12	6.4042835	0
165	183	CNc1nc(N2CC3CCC(C2)N3)c2cnc(-c3cc(O)cc4ccccc34)c(F)c2n1	6.4052763	0
135	151	CN1CCCC1COc1nc(N2CC3CCC(C2)N3)c2cnc(-c3cncc4cccc(Cl)c34)c(F)c2n1	6.4117284	0
212	233	c1ccc2c(-c3cc4nc(OCC56CCCN5CCC6)nc(N5CC6CCC(C5)N6)c4cn3)cccc2c1	6.4120646	0
91	103	Fc1c(-c2cccc3cccc(Cl)c23)ncc2c(N3CC4CCC(C3)N4)nc(OCCCN3CC4CC3CO4)nc12	6.430626	0
327	354	CN1CC(NC(=O)c2cccc(C=O)c2)CC1COc1nc(N2CC3CCC(C2)N3)c2cnc(-c3cccc4cccc(Cl)c34)c(F)c2n1	6.4340343	0
283	305	CC1(c2ccccc2-c2ncc3c(N4CC5CCC(C4)N5)nc(OCC45CCCN4CCC5)nc3c2F)CC1	6.4355707	0
566	604	Cc1cccc2cccc(N3CCc4c(nc(OCC5CCCN5C)nc4N4CC5CCC(C4)N5)C3)c12	6.442012	0
66	78	CC(=O)N1CCC(Oc2nc(N3CC4CCC(C3)N4)c3cnc(-c4cc(O)cc5ccccc45)c(F)c3n2)CC1	6.445753	0
281	303	Fc1c(-c2ccccc2OC(F)F)ncc2c(N3CC4CCC(C3)N4)nc(OCC34CCCN3CCC4)nc12	6.446967	0
419	446	Cn1ccc2c(-c3ncc4c(N5CC6CCC(C5)N6)nc(OCC56CCCN5CCC6)nc4c3F)cccc21	6.447332	0
58	70	COCCOc1nc(N2CC3CCC(C2)N3)c2cnc(-c3cc(O)cc4ccccc34)c(F)c2n1	6.448306	0
347	374	CC(C)COc1nc(N2CC3CCC(C2)N3)c2cnc(-c3cccc4cccc(Cl)c34)c(F)c2n1	6.4585457	0
533	564	Clc1ccc2cccc(N3CCc4c(nc(OCC56CCCN5CCC6)nc4N4CC5CCC(C4)N5)C3)c2c1Cl	6.462433	0
19	25	Oc1cc(-c2ncc3c(N4CC5CCC(C4)N5)nc(OCCN4CCOCC4)nc3c2F)c2ccccc2c1	6.4705696	0
67	79	Oc1cc(-c2ncc3c(N4CC5CCC(C4)N5)nc(OC4CCSCC4)nc3c2F)c2ccccc2c1	6.473015	0
326	353	CN1CC(NC(=O)c2ccc(C=O)cc2)CC1COc1nc(N2CC3CCC(C2)N3)c2cnc(-c3cccc4cccc(Cl)c34)c(F)c2n1	6.4770346	0
143	159	CN1CCCC1COc1nc(N2CC3CCC(C(N)=O)(C2)N3)c2cnc(-c3cc(O)cc4ccccc34)c(F)c2n1	6.480172	0
43	52	Oc1cc(-c2ncc3c(N4CC5CCC(C4)N5)nc(OCC(F)(F)C(F)F)nc3c2F)c2ccccc2c1	6.4971633	0
219	240	NC(=O)Cc1cccc2cccc(-c3ncc4c(N5CC6CCC(C5)N6)nc(OCC56CCCN5CCC6)nc4c3F)c12	6.5019655	0
420	447	CCCc1ccccc1-c1ncc2c(N3CC4CCC(C3)N4)nc(OCC34CCCN3CCC4)nc2c1F	6.5272436	0
513	543	CN1CC(F)(F)CC1COc1nc(N2CC3CCC(C2)N3)c2ccc(-c3cc(O)cc4ccccc34)c(F)c2n1	6.5276823	0
427	454	Fc1c(-c2cccc3scnc23)ncc2c(N3CC4CCC(C3)N4)nc(OCC34CCCN3CCC4)nc12	6.530178	0
42	51	Oc1cc(-c2ncc3c(N4CC5CCC(C4)N5)nc(OCC4(C(F)(F)F)CC4)nc3c2F)c2ccccc2c1	6.5350637	0
569	609	CCC1CN(c2nc(OCC3CCCN3C)nc3c2CCN(c2cncc4cccc(Cl)c24)C3)CCN1	6.548367	0
99	111	Cn1ccnc1CCNc1nc(N2CC3CCC(C2)N3)c2cnc(-c3cc(O)cc4ccccc34)c(F)c2n1	6.551294	0
245	266	Nc1c(Cl)cc(Cl)c(F)c1-c1ncc2c(N3CC4CCC(C3)N4)nc(OCC34CCCN3CCC4)nc2c1F	6.5559554	0
145	161	CN1CCCC1COc1nc(N2CC3CCC(C2)N3)c2cnc(-c3cccc4c3C(C)(C)CC4)c(F)c2n1	6.5635195	0
587	638	CC1CC2CN(c3nc(OCC4CCCN4C)nc4c3CCN(c3cccc5cccc(Cl)c35)C4)CC1N2	6.56639	0
524	554	CN1CCCC1COc1nc2c(c(N3CC4CCC(C3)N4)n1)CCN(c1cccc3cccc(Cl)c13)C2	6.5743027	0
38	47	CCCOc1nc(N2CC3CCC(C2)N3)c2cnc(-c3cc(O)cc4ccccc34)c(F)c2n1	6.57741	0
16	21	CN1CCCC1COc1nc(N2CC3CCC(C2)N3)c2cnc(-c3cccc4c3CCCC4)c(F)c2n1	6.5802093	0
284	306	CC(C)c1ccncc1-c1ncc2c(N3CC4CCC(C3)N4)nc(OCC34CCCN3CCC4)nc2c1F	6.584359	0
10	15	Cc1cccc2cccc(-c3ncc4c(N5CC6CCC(C5)N6)nc(OCC5CCCN5C)nc4c3F)c12	6.584526	0
56	68	COCCCOc1nc(N2CC3CCC(C2)N3)c2cnc(-c3cc(O)cc4ccccc34)c(F)c2n1	6.5907435	0
352	379	N#CC1CCN2CCCC12COc1nc(N2CC3CCC(C2)N3)c2cnc(-c3cccc4cccc(Cl)c34)c(F)c2n1	6.6043243	0
63	75	OCCCOc1nc(N2CC3CCC(C2)N3)c2cnc(-c3cc(O)cc4ccccc34)c(F)c2n1	6.6190658	0
396	423	COCc1cccc2cccc(-c3ncc4c(N5CC6CCC(C5)N6)nc(OCC56CCCN5CC(F)C6)nc4c3F)c12	6.623423	0
159	176	N=C(N)NCCOc1nc(N2CC3CCC(C2)N3)c2cnc(-c3cccc4cccc(Cl)c34)c(F)c2n1	6.6287475	0
410	437	Fc1c(-c2cccc3c2C(C2CC2)CC3)ncc2c(N3CC4CCC(C3)N4)nc(OCC34CCCN3CC(F)C4)nc12	6.6313415	0
291	313	COc1c(C)cccc1-c1ncc2c(N3CC4CCC(C3)N4)nc(OCC34CCCN3CCC4)nc2c1F	6.635824	0
182	200	Fc1c(-c2cccc3cccc(Cl)c23)ncc2c(N3CC4CCC(C3)N4)nc(OCC34CCCN3CCOC4)nc12	6.6388392	0
70	82	O=S1CCC(Oc2nc(N3CC4CCC(C3)N4)c3cnc(-c4cc(O)cc5ccccc45)c(F)c3n2)CC1	6.6443567	0
579	623	CN1CCCC1COc1nc2c(c(N3CC4CCC(C3)N4)n1)CCN(c1cccc3ccc(F)cc13)C2	6.6453156	0
151	167	Cc1nccn1CCOc1nc(N2CC3CC(O)C(C2)N3)c2cnc(-c3cccc4cccc(Cl)c34)c(F)c2n1	6.6455073	0
174	192	CN1CCCC1COc1nc(N2CC3CCC(C2)N3)c2cnc(-c3cccc4cccc(C#N)c34)c(F)c2n1	6.6480107	0
342	369	Oc1cccc(F)c1-c1ncc2c(N3CC4CCC(C3)N4)nc(OCC34CCCN3CC(F)C4)nc2c1F	6.6548223	0
193	211	CN1CC(NC(=O)c2cccc(S(=O)(=O)F)c2)CC1COc1nc(N2CC3CCC(C2)N3)c2cnc(-c3cccc4cccc(Cl)c34)c(F)c2n1	6.67469	0
365	392	Oc1cccc(OC(F)(F)F)c1-c1ncc2c(N3CC4CCC(C3)N4)nc(OCC34CCCN3CC(F)C4)nc2c1F	6.6815195	0
369	396	Fc1c(-c2cccc3cccc(Cl)c23)ncc2c(N3CC4CC(F)C(C3)N4)nc(OCC34CCCN3CC(F)C4)nc12	6.6844497	0
287	309	CC(C)c1ccccc1-c1ncc2c(N3CC4CCC(C3)N4)nc(OCC34CCCN3CCC4)nc2c1F	6.6888824	0
302	329	CSc1ccccc1-c1ncc2c(N3CC4CCC(C3)N4)nc(OCC34CCCN3CCC4)nc2c1F	6.693575	0
329	356	CN1CCC(COc2nc(N3CC4CCC(C3)N4)c3cnc(-c4cccc5cccc(Cl)c45)c(F)c3n2)C1	6.7090044	0.495652
273	295	CCc1ccccc1-c1ncc2c(N3CC4CCC(C3)N4)nc(OCC34CCCN3CCC4)nc2c1F	6.717831	0
62	74	Oc1cc(-c2ncc3c(N4CC5CCC(C4)N5)nc(N4CC5(CCOCC5)C4)nc3c2F)c2ccccc2c1	6.7253804	0
160	177	N=C(N)NCCCOc1nc(N2CC3CCC(C2)N3)c2cnc(-c3cccc4cccc(Cl)c34)c(F)c2n1	6.7279263	0
494	523	CN1CCCC1COc1nc(N2CCN(CCCl)CC2)c2ccc(-c3cc(O)cc4ccccc34)c(F)c2n1	6.7288556	0
103	115	CN1CC(F)CC1COc1nc(N2CC3CCC(C2)N3)c2cnc(-c3cccc4cccc(Cl)c34)c(F)c2n1	6.7587028	0
30	38	Oc1cc(-c2ncc3c(N4CC5CCC(C4)N5)nc(OCCCC(F)(F)F)nc3c2F)c2ccccc2c1	6.7589517	0
588	640	CCCC1CC2CN(c3nc(OCC4CCCN4C)nc4c3CCN(c3cccc5cccc(Cl)c35)C4)CC1N2	6.77451	0.46835062
341	368	Fc1c(-c2ccccc2C2CC2)ncc2c(N3CC4CCC(C3)N4)nc(OCC34CCCN3CC(F)C4)nc12	6.784415	0.14374368
305	332	Cc1ccc2[nH]ncc2c1-c1ncc2c(N3CC4CCC(C3)N4)nc(OCC34CCCN3CCC4)nc2c1F	6.785421	0
21	29	CC(C)N1CCCC1COc1nc(N2CC3CCC(C2)N3)c2cnc(-c3cccc4cccc(Cl)c34)c(F)c2n1	6.7947955	0
94	106	Oc1cc(-c2ncc3c(N4CC5CCC(C4)N5)nc(OCCc4cccnc4)nc3c2F)c2ccccc2c1	6.8071537	0
69	81	Oc1cc(-c2ncc3c(N4CC5CCC(C4)N5)nc(OCCC(F)(F)F)nc3c2F)c2ccccc2c1	6.815593	0
498	528	CN1CCCC1COc1nc2c(c(N3CC4CCC3CN4)n1)CCN(c1cc(O)cc3ccccc13)C2	6.81673	0
176	194	CN1CCCC1COc1nc(N2CC3CCC(C2)N3)c2cnc(-c3cccc4cccc(C#CCO)c34)c(F)c2n1	6.8215985	0
431	458	Cc1ccc2sc(N)nc2c1-c1ncc2c(N3CC4CCC(C3)N4)nc(OCC34CCCN3CCC4)nc2c1F	6.844664	0
289	311	COc1c(Cl)cccc1-c1ncc2c(N3CC4CCC(C3)N4)nc(OCC34CCCN3CCC4)nc2c1F	6.8687024	0
277	299	CC(C)c1c(F)cccc1-c1ncc2c(N3CC4CCC(C3)N4)nc(OCC34CCCN3CCC4)nc2c1F	6.8804145	0
64	76	Oc1cc(-c2ncc3c(N4CC5CCC(C4)N5)nc(N4CC5(CCOC5)C4)nc3c2F)c2ccccc2c1	6.8820662	0
59	71	O=S1(=O)CCC(Oc2nc(N3CC4CCC(C3)N4)c3cnc(-c4cc(O)cc5ccccc45)c(F)c3n2)CC1	6.900665	0
0	1	CN1CCCC1COc1nc(N2CC3CCC(C2)N3)c2cnc(-c3cc(O)cc4ccccc34)cc2n1	6.904134	0
14	19	CN1CCCC1COc1nc(N2CC3CCC(C2)N3)c2cnc(-c3cccc4ccc(F)cc34)c(F)c2n1	6.91364	0
208	229	Fc1c(-c2ccccc2OC(F)(F)F)ncc2c(N3CC4CCC(C3)N4)nc(OCC34CCCN3CCC4)nc12	6.9172144	0
144	160	CN1CCCC1COc1nc(N2CC3CCC(Cl)(C2)N3)c2cnc(-c3cc(O)cc4ccccc34)c(F)c2n1	6.9197345	0
286	308	CN(C)Cc1ccc(COCCNC(=O)OC2CC(COc3nc(N4CC5CCC(C4)N5)c4cnc(-c5cccc6cccc(Cl)c56)c(F)c4n3)N(C)C2)cc1	6.9303317	0
304	331	Cc1ccc2[nH]ncc2c1-c1ncc2c(N3CC4CCC(C3)N4)nc(OCC34CCCN3CC(F)C4)nc2c1F	6.941574	0
123	139	Nc1cccc(CCOc2nc(N3CC4CCC(C3)N4)c3cnc(-c4cc(O)cc5ccccc45)c(F)c3n2)n1	6.9457703	0
274	296	CN(C)c1ccccc1-c1ncc2c(N3CC4CCC(C3)N4)nc(OCC34CCCN3CCC4)nc2c1F	6.952725	0
553	586	CNC(=O)OCC1CCC2(COc3nc4c(c(N5CC6CCC(C5)N6)n3)CCN(c3cccc5cccc(F)c35)C4)CCCN12	6.953115	0
239	260	CN1CC(OC(=O)NCCOCc2ccc(O)cc2)CC1COc1nc(N2CC3CCC(C2)N3)c2cnc(-c3cccc4cccc(Cl)c34)c(F)c2n1	6.9702106	0
335	362	CC(C)(C)c1ccccc1-c1ncc2c(N3CC4CCC(C3)N4)nc(OCC34CCCN3CC(F)C4)nc2c1F	6.9755144	0
161	178	Nc1nccn1CCOc1nc(N2CC3CCC(C2)N3)c2cnc(-c3cccc4cccc(Cl)c34)c(F)c2n1	6.978811	0
81	93	Fc1c(-c2cccc3cccc(Cl)c23)ncc2c(N3CC4CCC(C3)N4)nc(OCC34CCCN3CC(F)(F)C4)nc12	6.9804683	0
179	197	Fc1c(-c2cccc(C(F)(F)F)c2C(F)(F)F)ncc2c(N3CC4CCC(C3)N4)nc(OCC34CCCN3CCC4)nc12	7.0004344	0
259	280	COCCNC(=O)OC1CC(COc2nc(N3CC4CCC(C3)N4)c3cnc(-c4cccc5cccc(Cl)c45)c(F)c3n2)N(C)C1	7.0008693	0
156	173	Cn1ccnc1CCOc1nc(N2CC3CC(O)C(C2)N3)c2cnc(-c3cccc4cccc(Cl)c34)c(F)c2n1	7.0034885	0
149	165	CN1CC(NC(=O)c2ccc(S(=O)(=O)F)cc2)CC1CCOc1nc(N2CC3CCC(C2)N3)c2cnc(-c3cccc4cccc(Cl)c34)c(F)c2n1	7.009661	0
90	102	Oc1cc(-c2ncc3c(N4CC5CCC(C4)N5)nc(OCCc4ccc(F)cn4)nc3c2F)c2ccccc2c1	7.0186343	0
324	351	COC1CNC(COc2nc(N3CC4CCC(C3)N4)c3cnc(-c4cccc5cccc(Cl)c45)c(F)c3n2)C1	7.0231915	0
184	202	COCCOC1CC(COc2nc(N3CC4CCC(C3)N4)c3cnc(-c4cccc5cccc(Cl)c45)c(F)c3n2)N(C)C1	7.026872	0
401	428	Fc1c(-c2cccc3c2CCC3)ncc2c(N3CC4CCC(C3)N4)nc(OCC34CCCN3CC(F)C4)nc12	7.0357404	0
398	425	Fc1c(-c2cccc3cccc(Cl)c23)ncc2c(N3CC4CCC(C3)N4)nc(OCC34CC(F)CN3CC(F)C4)nc12	7.0447936	0
559	595	COC1CC2CN(c3nc(OCC45CCCN4CC(F)C5)nc4c3CCN(c3cccc5cccc(Cl)c35)C4)CC1N2	7.045275	0
275	297	Fc1c(-c2ccccc2C2CC2)ncc2c(N3CC4CCC(C3)N4)nc(OCC34CCCN3CCC4)nc12	7.0510983	0
207	228	CC1(C)CN2CCCC2(COc2nc(N3CC4CCC(C3)N4)c3cnc(-c4cccc5cccc(Cl)c45)c(F)c3n2)C1	7.0570006	0
343	370	Fc1c(-c2ccccc2C(F)(F)F)ncc2c(N3CC4CCC(C3)N4)nc(OCC34CCCN3CCC4)nc12	7.0649967	0
221	242	CCC#Cc1cccc2cccc(-c3ncc4c(N5CC6CCC(C5)N6)nc(OCC56CCCN5CCC6)nc4c3F)c12	7.0851283	0
220	241	NCC#Cc1cccc2cccc(-c3ncc4c(N5CC6CCC(C5)N6)nc(OCC56CCCN5CCC6)nc4c3F)c12	7.101275	0
520	550	Oc1cc(C2Cc3nc(OCC45CCCN4CC(F)C5)nc(N4CC5CCC(C4)N5)c3CO2)c2ccccc2c1	7.1062384	0
13	18	CN(C)CCOc1nc(N2CC3CCC(C2)N3)c2cnc(-c3cc(O)cc4ccccc34)c(F)c2n1	7.114639	0
32	41	COCCCN1CCC(Oc2nc(N3CC4CCC(C3)N4)c3cnc(-c4cc(O)cc5ccccc45)c(F)c3n2)CC1	7.115205	0
366	393	Oc1cc(-c2ncc3c(N4CC5CCC(C4)N5)nc(OCCC(F)(F)F)nc3c2F)c2c(Cl)cccc2c1	7.1174755	0
163	180	Fc1c(-c2cccc3cccc(-c4cnn[nH]4)c23)ncc2c(N3CC4CCC(C3)N4)nc(OCC34CCCN3CCC4)nc12	7.118615	0
9	14	CN1CCCC1COc1nc(N2CC3CCC(C2)N3)c2cnc(-c3cc(O)c(Br)c4ccccc34)c(F)c2n1	7.131356	0
142	158	COC(=O)C12CCC(CN(c3nc(OCC4CCCN4C)nc4c(F)c(-c5cc(O)cc6ccccc56)ncc34)C1)N2	7.1325326	0
554	590	CN1CCCC1COc1nc2c(c(N3CC4CC(F)C(C3)N4)n1)CCN(c1cc(O)cc3ccccc13)C2	7.133713	0
34	43	CCOC1CC(COc2nc(N3CC4CCC(C3)N4)c3cnc(-c4cccc5cccc(Cl)c45)c(F)c3n2)N(C)C1	7.141463	0
422	449	CCc1cccc2cccc(-c3ncc4c(N5CC6CCC(C5)N6)ncnc4c3F)c12	7.1487417	0
183	201	C=Cc1cccc2cccc(-c3ncc4c(N5CC6CCC(C5)N6)nc(OCC5CCCN5C)nc4c3F)c12	7.1536627	0
173	191	CN1CCCC1COc1nc(N2CC3CCC(C2)N3)c2cnc(-c3cc(O)cc4ccccc34)c(Cl)c2n1	7.160522	0
45	54	Fc1c(-c2cccc3cccc(Cl)c23)ncc2c(N3CC4CCC(C3)N4)nc(OCC34CCCCN3CCC4)nc12	7.1630435	0
436	463	C#Cc1cccc2cc(O)cc(-c3c(F)cc4c(N5CC6CCC(C5)N6)nc(OCC5(CN6CCOC7(CCC7)C6)CC5)nc4c3F)c12	7.179142	0
353	380	Nc1ccc(Cl)c(F)c1-c1ncc2c(N3CC4CCC(C3)N4)nc(OCC34CCCN3CC(F)C4)nc2c1F	7.1824346	0
172	190	Cc1c(-c2cc(O)cc3ccccc23)ncc2c(N3CC4CCC(C3)N4)nc(OCC3CCCN3C)nc12	7.193142	0
157	174	CC1CCc2cccc(-c3ncc4c(N5CC6CCC(C5)N6)nc(OCC5CCCN5C)nc4c3F)c21	7.194499	0
556	592	CN1CCCC1COc1nc2c(c(N3CC4CC(CC#N)C(C3)N4)n1)CCN(C1=C=C=Cc3cccc(O)c31)C2	7.194499	0
158	175	Cc1cc(-c2ncc3c(N4CC5CCC(C4)N5)nc(OCC45CCCN4CCC5)nc3c2F)c2c(Cl)cccc2c1	7.1951795	0
496	526	CN1CCCC1COc1nc(N2CC3CCC(C2)N3)c2ccc(-c3cccc4ccc(F)cc34)c(F)c2n1	7.208309	0
583	633	CC1CCCc2cccc(N3CCc4c(nc(OCC5CCCN5C)nc4N4CC5CCC(C4)N5)C3)c21	7.21467	0
377	404	COC1(OC)CN2CCCC2(COc2nc(N3CC4CCC(C3)N4)c3cnc(-c4cccc5cccc(Cl)c45)c(F)c3n2)C1	7.2160964	0
116	132	CN1CCCC1COc1nc(N2CC3CCC(C2)N3)c2cnc(-c3cccc4cccc(Cl)c34)c(F)c2n1	7.2182446	0
98	110	Cn1cncc1CCOc1nc(N2CC3CCC(C2)N3)c2cnc(-c3cc(O)cc4ccccc34)c(F)c2n1	7.240332	0
512	542	Cc1cc2[nH]ncc2c(-c2ccc3c(N4CC5CCC(C4)N5)nc(OCC4CCCN4C)nc3c2F)c1C	7.2441254	0
435	462	C#Cc1cccc2cc(O)cc(-c3c(F)cc4c(N5CC6CCC(C5)N6)nc(OCC5(CN6CCCC7(C6)CC7(F)F)CC5)nc4c3F)c12	7.255707	0
11	16	CN1CC(F)CC1COc1nc(N2CC3CCC(C2)N3)c2cnc(-c3cc(O)cc4ccccc34)c(F)c2n1	7.266803	0
254	275	Cc1cccc(-c2ncc3c(N4CC5CCC(C4)N5)nc(OCC45CCCN4CCC5)nc3c2F)c1C	7.269218	0
392	419	Fc1c(-c2cccc3cccc(C(F)(F)F)c23)ncc2c(N3CC4CCC(C3)N4)nc(OCC34CCCN3CC(F)C4)nc12	7.293282	0
137	153	CC(C)N1CCCC1COc1nc(N2CC3CC(O)C(C2)N3)c2cnc(-c3cccc4cccc(Cl)c34)c(F)c2n1	7.2941365	0
333	360	COc1nc(N2CC3CCC(C2)N3)c2cnc(-c3cc(O)cc4cccc(Cl)c34)c(F)c2n1	7.2941365	0
17	22	Oc1cc(-c2ncc3c(N4CC5CCC(C4)N5)nc(OCCCN4CCOCC4)nc3c2F)c2ccccc2c1	7.298432	0
552	585	CN(C)C(=O)OCC1CCC2(COc3nc4c(c(N5CC6CCC(C5)N6)n3)CCN(c3cccc(Cl)c3C3CC3)C4)CCCN12	7.2992964	0
523	553	CN1CCCC1COc1nc2c(c(N3CC4CCC(C3)N4)n1)CCN(c1cc(O)cc3ccccc13)C2	7.3106914	0
117	133	CC1CCCc2cccc(-c3ncc4c(N5CC6CCC(C5)N6)nc(OCC5CCCN5C)nc4c3F)c21	7.31158	0
409	436	O=C(OC1CN2CCCC2(COc2nc(N3CC4CCC(C3)N4)c3cnc(-c4cccc5cccc(Cl)c45)c(F)c3n2)C1)N1CCOCC1	7.316053	0
280	302	Fc1cccc(-c2ncc3c(N4CC5CCC(C4)N5)nc(OCC45CCCN4CCC5)nc3c2F)c1OC(F)F	7.3605137	0
560	596	FC1CN2CCCC2(COc2nc3c(c(N4CC5CC(F)C(C4)N5)n2)CCN(c2cccc4cccc(Cl)c24)C3)C1	7.3615108	0
20	26	Oc1cc(-c2ncc3c(N4CC5CCC(C4)N5)nc(OCCN4CC5CC4CO5)nc3c2F)c2ccccc2c1	7.375718	0
434	461	C#Cc1cccc2cc(O)cc(-c3c(F)cc4c(N5CC6CC(C5)N6)nc(OCC5(CN6CCC7(CC6)CC7(F)F)CC5)nc4c3F)c12	7.430626	0
423	450	CC(Oc1nc(N2CC3CCC(C2)N3)c2cnc(-c3cccc4cccc(F)c34)c(F)c2n1)C12CCCN1CCC2	7.4317985	0
363	390	COC(c1ccc(O)cc1-c1ncc2c(N3CC4CCC(C3)N4)nc(OCC34CCCN3CC(F)C4)nc2c1F)C(F)(F)F	7.434152	0
253	274	Cc1c(Cl)cccc1-c1ncc2c(N3CC4CCC(C3)N4)nc(OCC34CCCN3CCC4)nc2c1F	7.4449058	0
472	500	C#Cc1cccc2cc(O)cc(-c3c(F)cc4c(N5CC6CCC(C5)N6)nc(OCC5(CN6CC7(CCCO7)C6)CC5)nc4c3F)c12	7.447332	0
461	489	C#Cc1cccc2cc(O)cc(-c3ccc4c(N5CC6CCC(C5)N6)nc(OCC5(CN6CC7CCCC7C6)CC5)nc4c3F)c12	7.449772	0
400	427	CCn1ccc2cccc(-c3ncc4c(N5CC6CCC(C5)N6)nc(OCC56CCCN5CCC6)nc4c3F)c21	7.452225	0
256	277	Fc1c(-c2cccc(Cl)c2Cl)ncc2c(N3CC4CCC(C3)N4)nc(OCC34CCCN3CCC4)nc12	7.4534574	0
279	301	Cc1cccc(-c2ncc3c(N4CC5CCC(C4)N5)nc(OCC45CCCN4CCC5)nc3c2F)c1C(C)C	7.454693	0
338	365	Cc1ccc(O)cc1-c1ncc2c(N3CC4CCC(C3)N4)nc(OCC34CCCN3CC(F)C4)nc2c1F	7.457175	0
35	44	CN1CCCC1COc1nc(N2CC3CCC(C2)N3)c2cnc(-c3cccc4ccc(F)c(Cl)c34)c(F)c2n1	7.47237	0
311	338	N#CCC1CC2CN(c3nc(OCC45CCCN4CCC5)nc4c(F)c(-c5cc(O)cc6ccccc56)ncc34)CC1N2	7.480172	0
79	91	CC(C)n1ccnc1CCOc1nc(N2CC3CCC(C2)N3)c2cnc(-c3c(O)ccc4ccccc34)c(F)c2n1	7.485452	0
72	84	Cc1nccn1CCOc1nc(N2CC3CCC(C2)N3)c2cnc(-c3cc(O)cc4ccccc34)c(F)c2n1	7.498941	0
462	490	C#Cc1cccc2cc(O)cc(-c3ccc4c(N5CC6CCC(C5)N6)nc(OCC5(CN6CC(C)(OC)C6)CC5)nc4c3F)c12	7.500313	0
441	468	C#Cc1cccc2cc(O)cc(-c3c(F)cc4c(N5CC6CCC(C5)N6)nc(OCC5(CN6CCC7(CCO7)CC6)CC5)nc4c3F)c12	7.500313	0
497	527	CN1CCCC1COc1nc(N2CC3CCC2CN3)c2cnc(-c3cc(O)cc4ccccc34)c(F)c2n1	7.5114493	0
518	548	Cc1cc(N)c(F)c(C2Cc3nc(OCC45CCCN4CC(F)C5)nc(N4CC5CCC4CN5)c3CO2)c1C(F)(F)F	7.5228786	0
538	569	FC1CN2CCCC2(COc2nc3c(c(N4CC5CCC(C4)N5)n2)CCN(c2cccc(Cl)c2C2CC2)C3)C1	7.530178	0
282	304	Fc1cccc(-c2ncc3c(N4CC5CCC(C4)N5)nc(OCC45CCCN4CCC5)nc3c2F)c1C1CC1	7.534617	0
168	186	Fc1c(-c2cccc3ccccc23)ncc2c(N3CC4CCC(C3)N4)nc(OCC34CCCN3CCC4)nc12	7.534617	0
106	120	CN(C)C1CN(c2nc(N3CC4CCC(C3)N4)c3cnc(-c4cc(O)cc5ccccc45)c(F)c3n2)C1	7.5406075	0
459	487	C#Cc1cccc2cc(O)cc(-c3ccc4c(N5CC6CCC(C5)N6)nc(OCC5(CN6CCC7(CC6)CC7)CC5)nc4c3F)c12	7.543634	0
408	435	CNC(=O)OC1CN2CCCC2(COc2nc(N3CC4CCC(C3)N4)c3cnc(-c4cccc5cccc(Cl)c45)c(F)c3n2)C1	7.549751	0
229	250	Cc1cc2[nH]ccc2c(-c2ncc3c(N4CC5CCC(C4)N5)nc(OCC45CCCN4CCC5)nc3c2F)c1C	7.549751	0
185	203	Fc1c(-c2cncc3cccc(Cl)c23)ncc2c(N3CC4CCC(C3)N4)nc(OCC34CCCN3CC(F)C4)nc12	7.551294	0
446	473	C#Cc1cccc2cc(O)cc(-c3c(F)cc4c(N5CC6CCC(C5)N6)nc(OCC5(CN6CCc7ccccc7C6)CC5)nc4c3F)c12	7.5638375	0
426	453	Nc1nc2c(-c3ncc4c(N5CC6CCC(C5)N6)nc(OCC56CCCN5CCC6)nc4c3F)cccc2s1	7.5686364	0
141	157	CN1CCCC1COc1nc(N2CC3CCC(CCC#N)(C2)N3)c2cnc(-c3cc(O)cc4ccccc34)c(F)c2n1	7.5751185	0
473	501	C#Cc1cccc2cc(O)cc(-c3c(F)cc4c(N5CC6CCC(C5)N6)nc(OCC5(CN6CCC7(CCOC7)C6)CC5)nc4c3F)c12	7.5783963	0
433	460	C#Cc1cccc2cc(O)cc(-c3c(F)cc4c(N5CC6CC(C5)N6)nc(OCC5(CN6CCOC7(CC7)C6)CC5)nc4c3F)c12	7.5850267	0
308	335	Fc1c(-c2cccc3cccc(C4CC4)c23)ncc2c(N3CC4CCC(C3)N4)nc(OCC34CCCN3CCC4)nc12	7.5883803	0
215	236	COc1cccc2cccc(-c3ncc4c(N5CC6CCC(C5)N6)nc(OCC56CCCN5CCC6)nc4c3F)c12	7.60206	0
415	442	O=C1OCCN1CC1CCC2(COc3nc(N4CC5CCC(C4)N5)c4cnc(-c5cccc6cccc(Cl)c56)c(F)c4n3)CCCN12	7.60206	0
460	488	C#Cc1cccc2cc(O)cc(-c3ccc4c(N5CC6CCC(C5)N6)nc(OCC5(CN6CC(OC)C6)CC5)nc4c3F)c12	7.634512	0
515	545	Cc1cc(N)c(F)c(C2Cc3nc(OCC45CCCN4CC(F)C5)nc(N4CC5CC(C4)N5)c3CO2)c1C(F)(F)F	7.6382723	0
495	524	CN1CCCC1COc1nc(N2CC3CCC(C2)N3)c2ccc(-c3cc(O)cc4ccccc34)cc2n1	7.6401644	0
25	33	Fc1c(-c2cncc3cccc(Cl)c23)ncc2c(N3CC4CCC(C3)N4)nc(OCC34CCCN3CCC4)nc12	7.6757174	0
355	382	Fc1c(-c2cccc3cccc(Cl)c23)ncc2c(N3CC4CCC(C3)N4)nc(OCC34CCCN3CC(C(F)(F)F)C4)nc12	7.6757174	0
312	339	N#CCC1CC2CN(c3nc(OCC45CCCN4CC(F)C5)nc4c(F)c(-c5cc(O)cc6ccccc56)ncc34)CC1N2	7.6777806	0
177	195	CC#Cc1cccc2cccc(-c3ncc4c(N5CC6CCC(C5)N6)nc(OCC56CCCN5CCC6)nc4c3F)c12	7.6840296	0
180	198	N#Cc1cccc2cccc(-c3ncc4c(N5CC6CCC(C5)N6)nc(OCC56CCCN5CCC6)nc4c3F)c12	7.692504	0
411	438	Fc1c(-c2cccc3c2CC2CC32)ncc2c(N3CC4CCC(C3)N4)nc(OCC34CCCN3CC(F)C4)nc12	7.696804	0
393	420	CS(=O)(=O)NCC1CCC2(COc3nc(N4CC5CCC(C4)N5)c4cnc(-c5cccc6cccc(Cl)c56)c(F)c4n3)CCCN12	7.69897	0
532	563	FC1CN2CCCC2(COc2nc3c(c(N4CC5CCC(C4)N5)n2)CCN(c2cccc4cccc(C5CC5)c24)C3)C1	7.703335	0
210	231	C#Cc1cccc2cc(OC)cc(-c3ncc4c(N5CC6CCC(C5)N6)nc(OCC56CCCN5CCC6)nc4c3F)c12	7.703335	0
402	429	CC1CCc2cccc(-c3ncc4c(N5CC6CCC(C5)N6)nc(OCC56CCCN5CC(F)C6)nc4c3F)c21	7.732828	0
385	412	CN(C)C(=O)NCC1CCC2(COc3nc(N4CC5CCC(C4)N5)c4cnc(-c5cccc6cccc(Cl)c56)c(F)c4n3)CCCN12	7.7520266	0
428	455	Nc1nc2c(-c3ncc4c(N5CC6CCC(C5)N6)nc(OCC56CCCN5CCC6)nc4c3F)ccc(F)c2s1	7.7695513	0
384	411	COC(=O)NCC1CCC2(COc3nc(N4CC5CCC(C4)N5)c4cnc(-c5cccc6cccc(Cl)c56)c(F)c4n3)CCCN12	7.7695513	0
565	603	FC1CN2CCCC2(COc2nc3c(c(N4CC5CCC(C4)N5)n2)CCN(c2cccc4cccc(C(F)(F)F)c24)C3)C1	7.7721133	0
549	582	Clc1cccc2cncc(N3CCc4c(nc(OCC56CCCN5CCC6)nc4N4CC5CCC(C4)N5)C3)c12	7.7746906	0
438	465	C#Cc1cccc2cc(O)cc(-c3ccc4c(N5CC6CCC(C5)N6)nc(OCC5(CN6CC7CCC(C6)O7)CC5)nc4c3F)c12	7.7746906	0
255	276	Cc1cccc(-c2ncc3c(N4CC5CCC(C4)N5)nc(OCC45CCCN4CCC5)nc3c2F)c1Cl	7.790485	0
217	238	OCc1cccc2cccc(-c3ncc4c(N5CC6CCC(C5)N6)nc(OCC56CCCN5CCC6)nc4c3F)c12	7.7931743	0
200	221	Fc1c(-c2cccc3cccc(Cl)c23)ncc2c(N3CC4CCC(C3)N4)nc(OCC34CCCN3CC(c3ccccc3)C4)nc12	7.8041005	0
321	348	CC(C)c1ccccc1-c1ncc2c(N3CC4CCC(C3)N4)nc(OCC34CCCN3CC(F)C4)nc2c1F	7.8096685	0
574	616	CN1CCCC1COc1nc2c(c(N3CC4CCC(C3)N4)n1)CCN(c1cccc3ccc(F)c(Cl)c13)C2	7.8181562	0
442	469	C#Cc1cccc2cc(O)cc(-c3c(F)cc4c(N5CC6CCC(C5)N6)nc(OCC5(CN6CCC7(CC6)COC7)CC5)nc4c3F)c12	7.8477116	0
202	223	OC1CN2CCCC2(COc2nc(N3CC4CCC(C3)N4)c3cnc(-c4cccc5cccc(Cl)c45)c(F)c3n2)C1	7.8586893	0.4101964
235	256	Cc1ccc(O)cc1-c1ncc2c(N3CC4CCC(C3)N4)nc(OCC34CCCN3CCC4)nc2c1F	7.879426	0
270	292	Fc1cccc(-c2ncc3c(N4CC5CCC(C4)N5)nc(OCC45CCCN4CCC5)nc3c2F)c1C(F)(F)F	7.8827286	0
573	615	Cc1cccc(N2CCc3c(nc(OCC45CCCN4CCC5)nc3N3CC4CCC(C3)N4)C2)c1C(F)(F)F	7.886057	0
517	547	Cc1cc(N)c(F)c(C2Cc3nc(OCC45CCCN4CC(F)C5)nc(N4C5CCC4CNC5)c3CO2)c1C(F)(F)F	7.8961964	0
226	247	Fc1c(-c2cccc3cccc(CC(F)F)c23)ncc2c(N3CC4CCC(C3)N4)nc(OCC34CCCN3CCC4)nc12	7.8996296	0
175	193	OCC#Cc1cccc2cccc(-c3ncc4c(N5CC6CCC(C5)N6)nc(OCC56CCCN5CCC6)nc4c3F)c12	7.90309	0
440	467	C#Cc1cccc2cc(O)cc(-c3ccc4c(N5CC6CCC(C5)N6)nc(OCC5(CN6C7CCC6COC7)CC5)nc4c3F)c12	7.9172144	0
500	530	COc1ccc(Oc2cc3c(N4CC5CCC(C4)N5)nc(OCC4CCCN4C)nc3cc2-c2cc(O)cc3ccccc23)c(Cl)c1	7.939302	0
395	422	Fc1c(-c2cccc3cccc(C(F)(F)F)c23)ncc2c(N3CC4CCC(C3)N4)nc(OCC34CCCN3CCC4)nc12	7.943095	0
492	521	CN1CCCC1COc1nc(N2CC3CCC(C2)N3)c2cc(Cl)c(-c3cc(O)cc4ccccc34)c(F)c2n1	7.950782	0
317	344	Fc1c(-c2c(C(F)(F)F)ccc3[nH]ncc23)ncc2c(N3CC4CCC(C3)N4)nc(OCC34CCCN3CCC4)nc12	7.9625735	0
318	345	Fc1c(-c2cccc3cccc(OC(F)(F)F)c23)ncc2c(N3CC4CCC(C3)N4)nc(OCC34CCCN3CCC4)nc12	7.9746943	0
319	346	Fc1c(-c2cccc3cccc(OC(F)F)c23)ncc2c(N3CC4CCC(C3)N4)nc(OCC34CCCN3CCC4)nc12	7.978811	0
316	343	Fc1c(-c2c(C(F)(F)F)ccc3[nH]ncc23)ncc2c(N3CC4CCC(C3)N4)nc(OCC34CCCN3CC(F)C4)nc12	7.982967	0
307	334	Cc1cccc2cccc(-c3ncc4c(N5CC6CCC(C5)N6)nc(OCC56CCCN5CCC6)nc4c3F)c12	8	0
111	126	CCC1(N)CN(c2nc(N3CC4CCC(C3)N4)c3cnc(-c4cc(O)cc5ccccc45)c(F)c3n2)C1	8.004365	0
594	646	CNC(=O)OCC1CCCC2(COC3N=C(N4CC5CCC(C4)N5)C4=C(CN(c5cccc6cccc(Cl)c56)CC4)N3)CCCN12	8.013228	0
456	484	C#Cc1cccc2cc(O)cc(-c3c(F)cc4c(N5CC6CCC(C5)N6)nc(OCC5(CN6CC(C)(OC)C6)CC5)nc4c3F)c12	8.017277	0
2	3	Cn1ccnc1CCOc1nc(N2CC3CCC(C2)N3)c2cnc(-c3cc(O)cc4ccccc34)c(F)c2n1	8.022276	0
301	328	Fc1c(-c2cccc(Cl)c2C(F)(F)F)ncc2c(N3CC4CCC(C3)N4)nc(OCC34CCCN3CCC4)nc12	8.026873	0
386	413	CC(=O)NCC1CCC2(COc3nc(N4CC5CCC(C4)N5)c4cnc(-c5cccc6cccc(Cl)c56)c(F)c4n3)CCCN12	8.036212	0
140	156	CN1CCCC1COc1nc(N2CC3CCC(C)(C2)N3)c2cnc(-c3cc(O)cc4ccccc34)c(F)c2n1	8.040958	0
290	312	CCc1c(Cl)cccc1-c1ncc2c(N3CC4CCC(C3)N4)nc(OCC34CCCN3CCC4)nc2c1F	8.045757	0
199	220	Cn1cc(C2CN3CCCC3(COc3nc(N4CC5CCC(C4)N5)c4cnc(-c5cccc6cccc(Cl)c56)c(F)c4n3)C2)cn1	8.060481	0
234	255	FCCCc1cccc2cccc(-c3ncc4c(N5CC6CCC(C5)N6)nc(OCC56CCCN5CCC6)nc4c3F)c12	8.060481	0
198	219	COC1CN2CCCC2(COc2nc(N3CC4CCC(C3)N4)c3cnc(-c4cccc5cccc(Cl)c45)c(F)c3n2)C1	8.063864	0.039104857
109	124	CC1(N)CN(c2nc(N3CC4CCC(C3)N4)c3cnc(-c4cc(O)cc5ccccc45)c(F)c3n2)C1	8.065501	0
276	298	CC(C)c1c(Cl)cccc1-c1ncc2c(N3CC4CCC(C3)N4)nc(OCC34CCCN3CCC4)nc2c1F	8.080922	0
499	529	COc1ccc(F)c(Oc2cc3c(N4CC5CCC(C4)N5)nc(OCC4CCCN4C)nc3cc2-c2cc(O)cc3ccccc23)c1	8.09691	0
18	24	Oc1cc(-c2ncc3c(N4CC5CCC(C4)N5)nc(OCCCN4CC5CC4CO5)nc3c2F)c2ccccc2c1	8.102373	0
439	466	C#Cc1cccc2cc(O)cc(-c3ccc4c(N5CC6CCC(C5)N6)nc(OCC5(CN6CC7CC6CO7)CC5)nc4c3F)c12	8.109579	0
391	418	Fc1c(-c2cccc3cccc(Cl)c23)ncc2c(N3CC4CCC(C3)N4)nc(OCC34CCCN3C(Cn3cccn3)CC4)nc12	8.124939	0
508	538	CN1CCCC1COc1nc(N2CC3CCC(C2)N3)c2cc(Oc3cccc(F)c3C#N)c(-c3cc(O)cc4ccccc34)c(F)c2n1	8.130768	0
486	515	CN1CCCC1COc1nc(N2CC3CCC(C2)N3)c2cc(Oc3cccnc3)c(-c3cc(O)cc4ccccc34)cc2n1	8.1549015	0
368	395	OC1CC2CN(c3nc(OCC45CCCN4CC(F)C5)nc4c(F)c(-c5cccc6cccc(Cl)c56)ncc34)CC1N2	8.161151	0
484	513	C#Cc1cccc2cc(O)cc(-c3c(F)cc4c(N5CC6CCC(C5)N6)nc(OCC5(CN6C7COCC6C7)CC5)nc4c3F)c12	8.166853	0
505	535	Oc1cc(-c2cc3nc(OCC45CCCN4CC(F)C5)nc(N4CC5CCC(C4)N5)c3cc2Oc2ccccc2Cl)c2c(Cl)cccc2c1	8.180456	0
237	258	Fc1c(-c2c(OC(F)(F)F)ccc3[nH]ncc23)ncc2c(N3CC4CCC(C3)N4)nc(OCC34CCCN3CCC4)nc12	8.187087	0
206	227	CC1CN2CCCC2(COc2nc(N3CC4CCC(C3)N4)c3cnc(-c4cccc5cccc(Cl)c45)c(F)c3n2)C1	8.19382	0
437	464	C#Cc1c(F)ccc2cc(O)cc(-c3ccc4c(N5CC6CCC(C5)N6)nc(OCC5(CN6C7CCC6COC7)CC5)nc4c3F)c12	8.202732	0
487	516	CC1CN(c2nc(OCC34CCCN3CCC4)nc3c(F)c(-c4cccc5cccc(Cl)c45)ccc23)CCN1	8.21467	0
233	254	CCCc1cccc2cccc(-c3ncc4c(N5CC6CCC(C5)N6)nc(OCC56CCCN5CCC6)nc4c3F)c12	8.21467	0
445	472	C#Cc1cccc2cc(O)cc(-c3c(F)cc4c(N5CC6CCC(C5)N6)nc(OCC5(CN6CCc7cccnc7C6)CC5)nc4c3F)c12	8.217527	0
474	502	C#Cc1cccc2cc(O)cc(-c3c(F)cc4c(N5CC6CCC(C5)N6)nc(OCC5(CN6CC7(CCOC7)C6)CC5)nc4c3F)c12	8.227678	0
40	49	OC1CC2CN(c3nc(OCC45CCCN4CCC5)nc4c(F)c(-c5cccc6cccc(Cl)c56)ncc34)CC1N2	8.229148	0
213	234	Fc1c(-c2cccc3cccc(F)c23)ncc2c(N3CC4CCC(C3)N4)nc(OCC34CCCN3CCC4)nc12	8.229148	0
530	560	CCc1cccc2cccc(N3CCc4c(nc(OCC5CCCN5C)nc4N4CC5CCC(C4)N5)C3)c12	8.259637	0
563	600	FC1CN2CCCC2(COc2nc3c(c(N4CC5CCC(C4)N5)n2)CCN(c2cccc(Cl)c2C(F)(F)F)C3)C1	8.259637	0
417	444	O=C(OCC1CCC2(COc3nc(N4CC5CCC(C4)N5)c4cnc(-c5cccc6cccc(Cl)c56)c(F)c4n3)CCCN12)N1CCCCC1	8.259637	0
36	45	Fc1c(-c2cccc3cccc(Cl)c23)ncc2c(N3CC4CCC(C3)N4)nc(OCC34CCCN3CCC4)nc12	8.259637	0
432	459	C#Cc1cccc2cc(O)cc(-c3c(F)cc4c(N5CC6CCC(C5)N6)nc(OCC5(CN6CCC6)CC5)nc4c3F)c12	8.266803	0
507	537	CN1CCCC1COc1nc(N2CC3CCC(C2)N3)c2cc(Oc3c(Cl)cccc3C#N)c(-c3cc(O)cc4ccccc34)c(F)c2n1	8.275724	0
188	206	C#Cc1cccc2cccc(-c3ncc4c(N5CC6CCC(C5)N6)nc(OCC5CCCN5C)nc4c3F)c12	8.29243	0
572	614	FC(F)(F)c1c(Cl)cccc1N1CCc2c(nc(OCC34CCCN3CCC4)nc2N2CC3CCC(C2)N3)C1	8.29243	0
236	257	Fc1c(-c2c3ccccc3cc3[nH]ncc23)ncc2c(N3CC4CCC(C3)N4)nc(OCC34CCCN3CCC4)nc12	8.29243	0
397	424	Oc1ccc(CC(F)(F)F)c(-c2ncc3c(N4CC5CCC(C4)N5)nc(OCC45CCCN4CC(F)C5)nc3c2F)c1	8.30103	0
295	322	Fc1c(-c2cccc(Cl)c2C2CC2)ncc2c(N3CC4CCC(C3)N4)nc(OCC34CCCN3CCC4)nc12	8.309804	0
471	499	CCc1c(F)ccc2cc(O)cc(-c3c(C(F)(F)F)cc4c(N5CC6CCC(C5)N6)nc(OCC5(CN6CC7CC6CO7)CC5)nc4c3F)c12	8.333482	0
575	617	CCC1CC=Cc2cccc(N3CCc4c(nc(OCC56CCCN5C(COC(=O)N(CC)CC)CC6)nc4N4CC5CCC(C4)N5)C3)c21	8.337242	0
562	598	FC1CN2CCCC2(COc2nc3c(c(N4CC5CCC(C4)N5)n2)CCN(c2cccc4cccc(Cl)c24)C3)C1	8.356547	0
186	204	C#Cc1cccc2cncc(-c3ncc4c(N5CC6CCC(C5)N6)nc(OCC56CCCN5CC(F)C6)nc4c3F)c12	8.356547	0
444	471	C#Cc1cccc2cc(O)cc(-c3c(F)cc4c(N5CC6CCC(C5)N6)nc(OCC5(CN6CCC7(C6)CC7(F)F)CC5)nc4c3F)c12	8.360514	0
466	494	Oc1cc(-c2c(F)cc3c(N4CC5CCC(C4)N5)nc(OCC4(CN5CCCOCC5)CC4)nc3c2F)c2ccccc2c1	8.360514	0
493	522	CN1CCCC1COc1nc(N2CC3CCC(C2)N3)c2ccc(-c3cc(O)cc4ccccc34)c(F)c2n1	8.366531	0
480	508	C#Cc1cccc2cc(O)cc(-c3c(F)cc4c(N5CC6CCC(C5)N6)nc(OCC5(CN6CCc7sccc7C6)CC5)nc4c3F)c12	8.37059	0
373	400	Oc1cc(-c2ncc3c(N4CC5CCC(C4)N5)nc(OCC45CCCN4C(CF)CC5)nc3c2F)c2c(Cl)cccc2c1	8.376751	0
223	244	C#Cc1cccc2cc(O)cc(-c3ncc4c(N5CC6CCC(C5)N6)ncnc4c3F)c12	8.376751	0
31	40	Oc1cc(-c2ncc3c(N4CC5CCC(C4)N5)nc(OCC4CC5CCN4C5)nc3c2F)c2ccccc2c1	8.39794	0
477	505	C#Cc1cccc2cc(O)cc(-c3c(F)cc4c(N5CC6CCC(C5)N6)nc(OCC5(CN6CC7(CC(OC)C7)C6)CC5)nc4c3F)c12	8.403403	0
550	583	Oc1cc(N2CCc3c(nc(OCC45CCCN4CCC5)nc3N3CC4CCC(C3)N4)C2)c2ccccc2c1	8.420217	0
509	539	N#Cc1ccccc1Oc1cc2c(N3CC4CCC(C3)N4)nc(OCC34CCCN3CC(F)C4)nc2c(F)c1-c1cc(O)cc2ccccc12	8.443698	0
458	486	C#Cc1cccc2cc(O)cc(-c3c(F)cc4c(N5CC6CCC(C5)N6)nc(OCC5(CN6CC(C)(O)C6)CC5)nc4c3F)c12	8.455932	0
491	520	Oc1cccc(F)c1-c1c(Cl)cc2c(N3CC4CCC(C3)N4)nc(OCC34CCCN3CC(F)C4)nc2c1F	8.455932	0
228	249	Cc1cc2[nH]ncc2c(-c2ncc3c(N4CC5CCC(C4)N5)nc(OCC45CCCN4CCC5)nc3c2F)c1C	8.455932	0
315	342	Fc1c(-c2cccc(Cl)c2C2CC2)ncc2c(N3CC4CCC(C3)N4)nc(OCC34CCCN3CC(F)C4)nc12	8.468521	0
54	64	CC(C)(C)[Si](C)(C)OCC1CCC2(COc3nc(N4CC5CCC(C4)N5)c4cnc(-c5cc(O)cc6cccc(Cl)c56)c(F)c4n3)CCCN12	8.481486	0
522	552	Cc1cc(N)c(F)c(C2Cc3nc(OCC45CCCN4CC(F)C5)nc(N4CC5CCC(C4)N5)c3C(C)O2)c1C(F)(F)F	8.481486	0
416	443	O=C(OCC1CCC2(COc3nc(N4CC5CCC(C4)N5)c4cnc(-c5cccc6cccc(Cl)c56)c(F)c4n3)CCCN12)N1CCCC1	8.49485	0
227	248	FCCc1cccc2cccc(-c3ncc4c(N5CC6CCC(C5)N6)nc(OCC56CCCN5CCC6)nc4c3F)c12	8.49485	0
381	408	CNC(=O)OCC1CCC2(COc3nc(N4CC5CCC(C4)N5)c4cnc(-c5cccc6cccc(Cl)c56)c(F)c4n3)CCCN12	8.508638	0
309	336	Fc1ccc2cccc(-c3ncc4c(N5CC6CCC(C5)N6)nc(OCC56CCCN5CC(F)C6)nc4c3F)c2c1Cl	8.508638	0
33	42	COC1CC(COc2nc(N3CC4CCC(C3)N4)c3cnc(-c4cc(O)cc5ccccc45)c(F)c3n2)N(C)C1	8.508638	0
463	491	C#Cc1cccc2cc(O)cc(-c3c(F)cc4c(N5CC6CCC(C5)N6)nc(OCC5(CN6CCC7(CCCCO7)C6)CC5)nc4c3F)c12	8.512861	0
541	572	CCc1c(F)ccc2cccc(N3CCc4c(nc(OCC56CCCN5CC(F)C6)nc4N4CC5C=CC(C4)N5)C3)c12	8.552842	0
374	401	Cc1c(Cl)cc2[nH]ncc2c1-c1ncc2c(N3CC4CCC(C3)N4)nc(OCC34CCCN3CC(F)C4)nc2c1F	8.552842	0
372	399	CC(C)c1ccc(O)cc1-c1ncc2c(N3CC4CCC(C3)N4)nc(OCC34CCCN3CC(F)C4)nc2c1F	8.568636	0
418	445	O=C(OCC1CCC2(COc3nc(N4CC5CCC(C4)N5)c4cnc(-c5cccc6cccc(Cl)c56)c(F)c4n3)CCCN12)N1CCOCC1	8.568636	0
1	2	CN1CCCC1COc1nc(N2CC3CCC(C2)N3)c2cnc(-c3cc(O)cc4ccccc34)c(F)c2n1	8.568636	0
593	645	CCc1cccc2cccc(N3CCc4c(nc(CCC56CCCN5C(COC(=O)N5CCCC5)CC6)nc4N4CC5CCC(C4)N5)C3)c12	8.568636	0
561	597	OC1CC2CN(c3nc(OCC45CCCN4CC(F)C5)nc4c3CCN(c3cccc5cccc(Cl)c35)C4)CC1N2	8.585027	0
349	376	Cc1cc2[nH]ncc2c(-c2ncc3c(N4CC5CCC(C4)N5)nc(OCC45CCCN4CC(F)C5)nc3c2F)c1Cl	8.585027	0
481	509	C#Cc1cccc2cc(O)cc(-c3c(F)cc4c(N5CC6CCC(C5)N6)nc(OCC5(CN6CCn7cncc7C6)CC5)nc4c3F)c12	8.5867	0
475	503	C#Cc1cccc2cc(O)cc(-c3c(F)cc4c(N5CC6CCC(C5)N6)nc(OCC5(CN6CCC7(CCCO7)C6)CC5)nc4c3F)c12	8.58838	0
455	483	C#Cc1cccc2cc(O)cc(-c3c(F)cc4c(c3F)NC(OCC3(CN5CC(O)C5)CC3)N=C4N3CC4CCC(C3)N4)c12	8.58838	0
548	581	Clc1cccc2cccc(N3CCc4c(nc(OCC56CCCN5CCC6)nc4N4CC5CCC(C4)N5)C3)c12	8.60206	0
41	50	Oc1cc(-c2ncc3c(N4CC5CCC(C4)N5)nc(OCC4CCCN4)nc3c2F)c2ccccc2c1	8.60206	0
514	544	Cc1cc(N)c(F)c(C2Cc3nc(OCC45CCCN4CC(F)C5)nc(N4CC5CCC(C4)N5)c3CO2)c1C(F)(F)F	8.60206	0
357	384	Oc1cc(-c2ncc3c(N4CC5CCC(C4)N5)nc(OCC45CCCN4C(CF)CC5)nc3c2F)c2ccccc2c1	8.619789	0
337	364	CC(C)c1cccc2cc(O)cc(-c3ncc4c(N5CC6CCC(C5)N6)nc(OCC56CCCN5CC(F)C6)nc4c3F)c12	8.638272	0
449	476	C#Cc1cccc2cc(O)cc(-c3c(F)cc4c(N5CC6CCC(C5)N6)nc(OCC5(CN6CC7(COC7)C6)CC5)nc4c3F)c12	8.643974	0
378	405	CN(C)C(=O)OCC1CCC2(COc3nc(N4CC5CCC(C4)N5)c4cnc(-c5cccc6cccc(Cl)c56)c(F)c4n3)CCCN12	8.6575775	0
310	337	CN1CCCC1COc1nc(N2CC3CCC(C2)N3)c2cnc(-c3c(Cl)c(O)cc4ccccc34)c(F)c2n1	8.6575775	0
464	492	C#Cc1cccc2cc(O)cc(-c3c(F)cc4c(N5CC6CCC(C5)N6)nc(OCC5(CN6CCOCC67CCC7)CC5)nc4c3F)c12	8.66354	0
268	290	CC(C)c1c(F)cc(O)cc1-c1ncc2c(N3CC4CCC(C3)N4)nc(OCC34CCCN3CC(F)C4)nc2c1F	8.677781	0
320	347	FCC1CCC2(COc3nc(N4CC5CCC(C4)N5)c4cnc(-c5cccc6cccc(Cl)c56)c(F)c4n3)CCCN12	8.677781	0
119	135	OCC1CCC2(COc3nc(N4CC5CCC(C4)N5)c4cnc(-c5cccc6cccc(Cl)c56)c(F)c4n3)CCCN12	8.677781	0
483	512	C#Cc1cccc2cc(O)cc(-c3c(F)cc4c(N5CC6CCC(C5)N6)nc(OCC5(CN6CC7(CCO7)C6)CC5)nc4c3F)c12	8.688246	0
485	514	C#Cc1cccc2cc(O)cc(-c3c(F)cc4c(N5CC6CCC(C5)N6)nc(OCC5(CN6Cc7ccccc7C6)CC5)nc4c3F)c12	8.69037	0
539	570	CCc1cccc2cccc(N3CCc4c(nc(OCC56CCCN5C(COC(=O)NC)CC6)nc4N4C=C5CCC(C4)N5)C3)c12	8.69897	0
218	239	OCCc1cccc2cccc(-c3ncc4c(N5CC6CCC(C5)N6)nc(OCC56CCCN5CCC6)nc4c3F)c12	8.69897	0
181	199	CSc1cccc2cccc(-c3ncc4c(N5CC6CCC(C5)N6)nc(OCC56CCCN5CCC6)nc4c3F)c12	8.69897	0
359	386	Oc1ccc(SC(F)(F)F)c(-c2ncc3c(N4CC5CCC(C4)N5)nc(OCC45CCCN4CC(F)C5)nc3c2F)c1	8.69897	0
447	474	C#Cc1cccc2cc(O)cc(-c3c(F)cc4c(N5CC6CCC(C5)N6)nc(OCC5(CN6Cc7cccnc7C6)CC5)nc4c3F)c12	8.701147	0
451	478	C#Cc1cccc2cc(O)cc(-c3c(F)cc4c(N5CC6CCC(C5)N6)nc(OCC5(CN6CC(OC)C6)CC5)nc4c3F)c12	8.712198	0
376	403	CC(C)c1ccc(O)cc1-c1ncc2c(N3CC4CCC(C3)N4)nc(OCC34CCCN3CCC4)nc2c1F	8.721247	0
405	432	CCc1cccc2cccc(-c3ncc4c(N5CC6CCC(C5)N6)nc(OCC56CCCN5C(COC(=O)NC)CC6)nc4c3F)c12	8.721247	0
540	571	CCc1c(F)ccc2cccc(N3CCc4c(nc(OCC56CCCN5CCC6)nc4N4CC5C=CC(C4)N5)C3)c12	8.744727	0
511	541	CN1CC(F)CC1COc1nc(N2CC3CCC(C2)N3)c2ccc(-c3cc(O)cc4ccccc34)c(F)c2n1	8.744727	0
457	485	C#Cc1cccc2cc(O)cc(-c3c(F)cc4c(N5CC6CCC(C5)N6)nc(OCC5(CN6CCC7(CC6)CC7)CC5)nc4c3F)c12	8.754487	0
348	375	Oc1ccc(C(F)(F)F)c(-c2ncc3c(N4CC5CCC(C4)N5)nc(OCC45CCCN4CC(F)C5)nc3c2F)c1	8.769551	0
169	187	CCc1cccc2cccc(-c3ncc4c(N5CC6CCC(C5)N6)nc(OCC56CCCN5CCC6)nc4c3F)c12	8.769551	0
504	534	N#Cc1ccccc1Oc1cc2c(N3CC4CCC(C3)N4)nc(OCC34CCCN3CC(F)C4)nc2cc1-c1cc(O)cc2ccccc12	8.769551	0
23	31	CN1CCCC1COc1nc(N2CC3CC(O)C(C2)N3)c2cnc(-c3cc(O)cc4ccccc34)c(F)c2n1	8.79588	0
527	557	CCc1cccc2cccc(N3CCc4c(nc(OCC56CCCN5C(COC(=O)NC)CC6)nc4N4CC5CCC(C4)N5)C3)c12	8.79588	0
346	373	Oc1ccc(C(F)(F)F)c(-c2ncc3c(N4CC5CCC(C4)N5)nc(OCC45CCCN4CCC5)nc3c2F)c1	8.79588	0
258	279	C#CCc1ccc(O)cc1-c1ncc2c(N3CC4CCC(C3)N4)nc(OCC34CCCN3CCC4)nc2c1F	8.79588	0
502	532	CN1CCCC1COc1nc(N2CC3CCC(C2)N3)c2cc(Oc3ccccc3C#N)c(-c3cc(O)cc4ccccc34)cc2n1	8.79588	0
269	291	CC(C)c1c(Cl)cc(O)cc1-c1ncc2c(N3CC4CCC(C3)N4)nc(OCC34CCCN3CC(F)C4)nc2c1F	8.79588	0
242	263	CCc1ccc(O)cc1-c1ncc2c(N3CC4CCC(C3)N4)nc(OCC34CCCN3CCC4)nc2c1F	8.823909	0
576	618	CCc1cccc2cccc(N3CCc4c(nc(OC56CCCN5C(COC(=O)C5=CCS(=O)(=O)CC5)CC6)nc4N4CC5CCC(C4)N5)C3)c12	8.823909	0
476	504	C#Cc1cccc2cc(O)cc(-c3c(F)cc4c(N5CC6CCC(C5)N6)nc(OCC5(CN6CC7(CCCCO7)C6)CC5)nc4c3F)c12	8.826814	0
196	216	Oc1cc(-c2ncc3c(N4CC5CCC(C4)N5)nc(OCC45CCCN4CC(F)C5)nc3c2F)c2ccccc2c1	8.829417	0.18735626
454	482	C#Cc1cccc2cc(O)cc(-c3c(F)cc4c(N5CC6CCC(C5)N6)nc(OCC5(CN6CC7CCCC7C6)CC5)nc4c3F)c12	8.829739	0
362	389	COCC1CCC2(COc3nc(N4CC5CCC(C4)N5)c4cnc(-c5cc(O)cc6ccccc56)c(F)c4n3)CCCN12	8.853872	0
404	431	CCc1cccc2cccc(-c3ncc4c(N5CC6CCC(C5)N6)nc(OCC56CCCN5C(COC(=O)N5CCOCC5)CC6)nc4c3F)c12	8.853872	0
490	519	Oc1cc(-c2ccc3c(N4CC5CCC(C4)N5)nc(OCC45CCCN4CC(F)C5)nc3c2F)c2c(Cl)cccc2c1	8.853872	0
506	536	CN1CCCC1COc1nc(N2CC3CCC(C2)N3)c2cc(Oc3ccccc3C#N)c(-c3cc(O)cc4ccccc34)c(F)c2n1	8.853872	0
452	479	C#Cc1cccc2cc(O)cc(-c3c(F)cc4c(N5CC6CCC(C5)N6)nc(OCC5(CN6CC7(CCOCC7)C6)CC5)nc4c3F)c12	8.856985	0
478	506	C#Cc1cccc2cc(O)cc(-c3c(F)cc4c(N5CC6CCC(C5)N6)nc(OCC5(CN6CC7OCCOC7C6)CC5)nc4c3F)c12	8.856985	0
482	511	C#Cc1cccc2cc(O)cc(-c3c(F)cc4c(N5CC6CCC(C5)N6)nc(OCC5(CN6CCC7(CCOCC7)C6)CC5)nc4c3F)c12	8.863279	0
450	477	C#Cc1cccc2cc(O)cc(-c3c(F)cc4c(N5CC6CCC(C5)N6)nc(OCC5(CN6CC7(CCC7)C6)CC5)nc4c3F)c12	8.876148	0
534	565	CCc1cccc2cccc(N3CCc4c(nc(OCC56CCCN5C(COC(=O)N(C)C)CC6)nc4N4CC5CCC(C4)N5)C3)c12	8.886057	0
501	531	CN1CCCC1COc1nc(N2CC3CCC(C2)N3)c2cc(Oc3ccccc3Cl)c(-c3cc(O)cc4ccccc34)cc2n1	8.886057	0
468	496	C#Cc1c(F)ccc2cc(O)cc(C3C(F)=c4nc(OCC5(CN6CC7CC6CO7)CC5)nc(N5CC6CCC(C5)N6)c4=CC3C(F)(F)F)c12	8.88941	0
479	507	C#Cc1cccc2cc(O)cc(-c3c(F)cc4c(N5CC6CCC(C5)N6)nc(OCC5(CN6C7CCC6CC(=O)C7)CC5)nc4c3F)c12	8.89963	0
453	481	C#Cc1cccc2cc(O)cc(-c3c(F)cc4c(N5CC6CCC(C5)N6)nc(OCC5(CN6CC7COCC7C6)CC5)nc4c3F)c12	8.89963	0
187	205	C#Cc1cccc2cccc(-c3ncc4c(N5CC6CCC(C5)N6)nc(OCC56CCCN5CC(F)C6)nc4c3F)c12	8.920818	0
214	235	Fc1c(-c2cccc3cccc(Br)c23)ncc2c(N3CC4CCC(C3)N4)nc(OCC34CCCN3CCC4)nc12	8.920818	0
547	580	CN1CCCC1COc1nc2c(c(N3CC4CCC(C3)N4)n1)CCN(c1cc(O)cc3cccc(Cl)c13)C2	8.920818	0
467	495	C#Cc1c(F)ccc2cc(O)cc(-c3c(C(C)C)cc4c(N5CC6CC(C5)N6)nc(OCC5(CN6CC7CC6CO7)CC5)nc4c3F)c12	8.939302	0
531	562	CCc1cccc2cccc(N3CCc4c(nc(OCC56CCCN5CCC6)nc4N4CC5CCC(C4)N5)C3)c12	8.958608	0
162	179	C#Cc1cccc2cccc(-c3ncc4c(N5CC6CCC(C5)N6)nc(OCC56CCCN5CCC6)nc4c3F)c12	8.958608	0
521	551	Cc1cc(N)c(F)c(C2OCc3c(nc(OCC45CCCN4CC(F)C5)nc3N3CC4CCC(C3)N4)C2C)c1C(F)(F)F	8.958608	0
535	566	CCc1cccc2cc(O)cc(N3CCc4c(nc(OCC56C#CCN5CCC6)nc4N4CC5CCC(C4)N5)C3)c12	8.958608	0
543	575	CCc1cccc2cc(O)cc(N3CCc4c(nc(OCC56CCCN5C(CF)CC6)nc4N4CC5CCC(C4)N5)C3)c12	8.958608	0
469	497	C#Cc1c(F)ccc2cc(O)cc(-c3c(C#N)cc4c(N5CC6CCC(C5)N6)nc(OCC5(CN6CC7CC6CO7)CC5)nc4c3F)c12	8.982966	0
403	430	Fc1ccc2cccc(-c3ncc4c(N5CC6CCC(C5)N6)nc(OCC56CCCN5CC(F)C6)nc4c3F)c2c1F	9	0
86	98	Fc1ccc2cccc(-c3ncc4c(N5CC6CCC(C5)N6)nc(OCC56CCCN5CCC6)nc4c3F)c2c1Cl	9	0
383	410	C#Cc1cccc2cc(O)cc(-c3ncc4c(N5CC6CCC(C5)N6)nc(OCC56CCCN5CC(OC)C6)nc4c3F)c12	9	0
571	613	Fc1ccc2cccc(N3CCc4c(nc(OCC56CCCN5CCC6)nc4N4CC5CCC(C4)N5)C3)c2c1Cl	9	0
503	533	N#Cc1ccccc1Oc1cc2c(N3CC4CCC(C3)N4)nc(OCC34CCCN3CCC4)nc2cc1-c1cc(O)cc2ccccc12	9	0
529	559	CCc1cccc2cc(O)cc(N3CCc4c(nc(OCC56CCCN5CC(F)C6)nc4N4CC5CCC(C4)N5)C3)c12	9	0
424	451	CC1CC1c1c(Cl)cc(O)cc1-c1ncc2c(N3CC4CCC(C3)N4)nc(OCC34CCCN3CC(F)C4)nc2c1F	9	0
448	475	C#Cc1cccc2cc(O)cc(-c3c(F)cc4c(N5CC6CCC(C5)N6)nc(OCC5(CN6CC7(CC(O)C7)C6)CC5)nc4c3F)c12	9.010996	0
470	498	C#Cc1c(F)ccc2cc(O)cc(-c3c(SC(F)(F)F)cc4c(N5CC6CCC(C5)N6)nc(OCC5(CN6CC7CC6CO7)CC5)nc4c3F)c12	9.013228	0
260	281	C#Cc1c(F)ccc2cccc(-c3ncc4c(N5CC6CCC(C5)N6)nc(OCC56CCCN5CC(F)C6)nc4c3F)c12	9.045757	0
399	426	CCc1c(F)ccc2cccc(-c3ncc4c(N5CC6CCC(C5)N6)nc(OCC56CCCN5CCC6)nc4c3F)c12	9.045757	0
406	433	CCc1cccc2cc(O)cc(-c3ncc4c(N5CC6CCC(C5)N6)nc(OCC56CCCN5C(COC(=O)NC)CC6)nc4c3F)c12	9.045757	0
528	558	CCc1cccc2cc(O)cc(N3CCc4c(nc(OCC56CCCN5CC(F)C6)nc4N4C=C5CCC(C4)N5)C3)c12	9.09691	0
232	253	CCc1c(F)ccc2cc(O)cc(-c3ncc4c(N5CC6CCC(C5)N6)nc(OCC56CCCN5CC(F)C6)nc4c3F)c12	9.09691	0
238	259	CCc1cccc2cc(O)cc(-c3ncc4c(N5CC6CCC(C5)N6)nc(OCC56CCCN5CC(F)C6)nc4c3F)c12	9.09691	0
413	440	C#Cc1c(F)ccc2cc(O)cc(-c3ncc4c(N5CC6CCC(C5)N6)nc(OCC56CCCN5C(COC(=O)N(C)C)CC6)nc4c3F)c12	9.09691	0
361	388	COC1CN2CCCC2(COc2nc(N3CC4CCC(C3)N4)c3cnc(-c4cc(O)cc5cccc(F)c45)c(F)c3n2)C1	9.133802	0.12451528
257	278	[H]C#Cc1cccc2cccc(-c3ncc4c(N5CC6CCC(C5)N6)nc(OCC56CCCN5CCC6)nc4c3F)c12	9.154902	0
345	372	CSc1cccc2cc(O)cc(-c3ncc4c(N5CC6CCC(C5)N6)nc(OCC56CCCN5CC(F)C6)nc4c3F)c12	9.154902	0
340	367	Oc1cc(-c2ncc3c(N4CC5CCC(C4)N5)nc(OCC45CCCN4CCC5)nc3c2F)c2c(F)cccc2c1	9.154902	0
354	381	CCc1c(F)ccc2cccc(-c3ncc4c(N5CC6CCC(C5)N6)nc(OCC56CCCN5CC(F)C6)nc4c3F)c12	9.154902	0
262	283	Oc1cc(Cl)c(C2CC2)c(-c2ncc3c(N4CC5CCC(C4)N5)nc(OCC45CCCN4CC(F)C5)nc3c2F)c1	9.154902	0
407	434	CCc1cccc2cc(O)cc(-c3ncc4c(N5CC6CCC(C5)N6)nc(OCC56CCCN5C(COC(=O)N(C)C)CC6)nc4c3F)c12	9.154902	0
489	518	Oc1cc(-c2ccc3c(N4CC5CCC(C4)N5)nc(OCC45CCCN4CCC5)nc3c2F)c2c(Cl)cccc2c1	9.154902	0
314	341	Oc1ccc(OC(F)(F)F)c(-c2ncc3c(N4CC5CCC(C4)N5)nc(OCC45CCCN4CCC5)nc3c2F)c1	9.154902	0
510	540	Oc1cc(-c2ccc3c(N4CC5CCC(C4)N5)nc(OCC45CCCN4CC(F)C5)nc3c2F)c2ccccc2c1	9.2218485	0
292	314	CCc1c(F)ccc2cc(O)cc(-c3ncc4c(N5CC6CCC(C5)N6)nc(OCC56CCCN5CCC6)nc4c3F)c12	9.2218485	0
211	232	C#Cc1c(F)ccc2cc(O)cc(-c3ncc4c(N5CC6CCC(C5)N6)nc(OCC56CCCN5CCC6)nc4c3F)c12	9.2218485	0
225	246	Oc1cc(-c2ncc3c(N4CC5CCC(C4)N5)nc(OCC45CCCN4CC(F)C5)nc3c2F)c2c(F)c(F)ccc2c1	9.2218485	0
261	282	Oc1cc(-c2ncc3c(N4CC5CCC(C4)N5)nc(OCC45CCCN4CC(F)C5)nc3c2F)c2c(F)cccc2c1	9.227966	0.103327885
564	601	Oc1cc(N2CCc3c(nc(OCC45CCCN4CC(F)C5)nc3N3CC4CCC(C3)N4)C2)c2c(Cl)cccc2c1	9.30103	0
488	517	Oc1cc(-c2ccc3c(N4CC5CCC(C4)N5)nc(OCC45CCCN4CCC5)nc3c2F)c2ccccc2c1	9.30103	0
224	245	Oc1cc(-c2ncc3c(N4CC5CCC(C4)N5)nc(OCC45CCCN4CCC5)nc3c2F)c2c(Cl)c(F)ccc2c1	9.30103	0
171	189	C#Cc1c(F)ccc2cccc(-c3ncc4c(N5CC6CCC(C5)N6)nc(OCC56CCCN5CCC6)nc4c3F)c12	9.30103	0
414	441	CCc1c(F)ccc2cc(O)cc(-c3ncc4c(N5CC6CCC(C5)N6)nc(OCC56CCCN5C(COC(=O)N(C)C)CC6)nc4c3F)c12	9.30103	0
97	109	Oc1cc(-c2ncc3c(N4CC5CCC(C4)N5)nc(OCC45CCCN4CCC5)nc3c2F)c2ccccc2c1	9.30103	0
313	340	Oc1ccc(OC(F)(F)F)c(-c2ncc3c(N4CC5CCC(C4)N5)nc(OCC45CCCN4CC(F)C5)nc3c2F)c1	9.39794	0
28	36	Oc1cc(-c2ncc3c(N4CC5CCC(C4)N5)nc(OCC45CCCN4CCC5)nc3c2F)c2c(Cl)cccc2c1	9.39794	0
222	243	C#Cc1cccc2cc(O)cc(-c3ncc4c(N5CC6CCC(C5)N6)nc(OCC56CCCN5CC(F)C6)nc4c3F)c12	9.39794	0
53	63	CN1CCCC1COc1nc(N2CC3CCC(C2)N3)c2cnc(-c3cc(O)cc4cccc(Cl)c34)c(F)c2n1	9.39794	0
412	439	C#Cc1c(F)ccc2cccc(-c3ncc4c(N5CC6CCC(C5)N6)nc(OCC56CCCN5C(COC(=O)N(C)C)CC6)nc4c3F)c12	9.39794	0
231	252	C#Cc1c(F)ccc2cc(O)cc(-c3ncc4c(N5CC6CCC(C5)N6)nc(OCC56CCCN5CC(F)C6)nc4c3F)c12	9.39794	0
167	185	C#Cc1cccc2cc(O)cc(-c3ncc4c(N5CC6CCC(C5)N6)nc(OCC56CCCN5CCC6)nc4c3F)c12	9.522879	0
519	549	Cc1cc(N)c(F)c(C2Cc3nc(OCC45CCCN4CC(F)C5)nc(N4CC5C=CC(C4)N5)c3CO2)c1C(F)(F)F	10	0
263	284	Fc1c(-c2ccccc2C2CC2F)ncc2c(N3CC4CCC(C3)N4)nc(OCC34CCCN3CCC4)nc12	10	0
